1,WARNING in mmu_free_root_page,https://syzkaller.appspot.com/bug?extid=dc308fcfcd53f987de73,mmu_free_root_page,arch/x86/kvm/mmu,arch
2,general protection fault in dev_map_enqueue,https://syzkaller.appspot.com/bug?extid=af9492708df9797198d6,dev_map_enqueue,kernel/bpf,kernel
3,KMSAN: uninit-value in ieee80211_rx_handlers,https://syzkaller.appspot.com/bug?extid=75af45a00cf13243ba39,ieee80211_rx_handlers,net/mac80211,net
4,WARNING in carl9170_usb_send_rx_irq_urb/usb_submit_urb,https://syzkaller.appspot.com/bug?extid=0ae4804973be759fa420,carl9170_usb_send_rx_irq_urb/usb_submit_urb,HELP
5,WARNING in ar5523_cmd/usb_submit_urb,https://syzkaller.appspot.com/bug?extid=1bc2c2afd44f820a669f,ar5523_cmd/usb_submit_urb,HELP
6,possible deadlock in swake_up_one,https://syzkaller.appspot.com/bug?extid=c1571e01da4f845b858f,swake_up_one,kernel/sched,kernel
7,possible deadlock in hrtimer_run_queues,https://syzkaller.appspot.com/bug?extid=f311e026553fee3459a0,hrtimer_run_queues,kernel/time,kernel
8,WARNING in sock_hash_delete_elem,https://syzkaller.appspot.com/bug?extid=1c04a1e4ae355870dc7a,sock_hash_delete_elem,HELP
9,possible deadlock in move_pages,https://syzkaller.appspot.com/bug?extid=49056626fe41e01f2ba7,move_pages,mm,mm
10,possible deadlock in __lock_task_sighand,https://syzkaller.appspot.com/bug?extid=34267210261c2cbba2da,__lock_task_sighand,kernel,kernel
11,WARNING in sock_map_unref,https://syzkaller.appspot.com/bug?extid=4b9597d9c853a4230301,sock_map_unref,net/core,net
12,KMSAN: uninit-value in ipvlan_queue_xmit,https://syzkaller.appspot.com/bug?extid=42a0dc856239de4de60e,ipvlan_queue_xmit,drivers/net/ipvlan,drivers
13,WARNING in gre_tap_xmit,https://syzkaller.appspot.com/bug?extid=c298c9f0e46a3c86332b,gre_tap_xmit,include/linux,include
14,possible deadlock in ahci_single_level_irq_intr,https://syzkaller.appspot.com/bug?extid=d4066896495db380182e,ahci_single_level_irq_intr,drivers/ata,drivers
15,UBSAN: array-index-out-of-bounds in nilfs_add_link,https://syzkaller.appspot.com/bug?extid=2e22057de05b9f3b30d8,nilfs_add_link,fs/nilfs2,fs
16,possible deadlock in try_to_wake_up,https://syzkaller.appspot.com/bug?extid=21f93e66c95001d6f61a,try_to_wake_up,kernel/sched,kernel
17,KMSAN: uninit-value in nci_ntf_packet,https://syzkaller.appspot.com/bug?extid=29b5ca705d2e0f4a44d2,nci_ntf_packet,net/nfc/nci,net
18,possible deadlock in rcu_report_exp_cpu_mult,https://syzkaller.appspot.com/bug?extid=c4f4d25859c2e5859988,rcu_report_exp_cpu_mult,kernel/rcu,kernel
19,KMSAN: uninit-value in nci_dev_up,https://syzkaller.appspot.com/bug?extid=7ea9413ea6749baf5574,nci_dev_up,net/nfc/nci,net
20,KASAN: slab-out-of-bounds Read in do_ipt_set_ctl,https://syzkaller.appspot.com/bug?id=282d1618210812b9e563dd688687df86a9fcfefa,do_ipt_set_ctl,net/ipv4/netfilter,net
21,KMSAN: uninit-value in nf_flow_offload_ip_hook,https://syzkaller.appspot.com/bug?extid=b6f07e1c07ef40199081,nf_flow_offload_ip_hook,net/netfilter,net
22,possible deadlock in scheduler_tick,https://syzkaller.appspot.com/bug?extid=628f63ef3b071e16463e,scheduler_tick,kernel/sched,kernel
23,WARNING in sock_map_delete_elem,https://syzkaller.appspot.com/bug?extid=2f4f478b78801c186d39,sock_map_delete_elem,net/core,net
24,KMSAN: kernel-infoleak in __skb_datagram_iter,https://syzkaller.appspot.com/bug?id=522c8b5b01fd97925adfa45154a5f56ab4fd6218,__skb_datagram_iter,net/core,net
25,WARNING in iomap_iter,https://syzkaller.appspot.com/bug?extid=0a3683a0a6fecf909244,iomap_iter,fs/iomap,fs
26,WARNING in hugetlb_change_protection,https://syzkaller.appspot.com/bug?extid=b07c8ac8eee3d4d8440f,hugetlb_change_protection,mm,mm
27,BUG: unable to handle kernel paging request in bpf_prog_ADDR,https://syzkaller.appspot.com/bug?extid=838346b979830606c854,bpf_prog_ADDR,HELP
28,WARNING in __hugetlb_cgroup_uncharge_folio,https://syzkaller.appspot.com/bug?extid=4b8077a5fccc61c385a1,__hugetlb_cgroup_uncharge_folio,mm,mm
29,WARNING in __kvm_gpc_refresh,https://syzkaller.appspot.com/bug?extid=106a4f72b0474e1d1b33,__kvm_gpc_refresh,HELP
30,KASAN: slab-use-after-free Read in ip_skb_dst_mtu,https://syzkaller.appspot.com/bug?extid=e5167d7144a62715044c,ip_skb_dst_mtu,include/net,include
31,KASAN: slab-out-of-bounds Read in xsk_setsockopt,https://syzkaller.appspot.com/bug?id=f951f664994b715781832e7cdb5e750a25ebba19,xsk_setsockopt,HELP
32,WARNING in clear_dirty_gfn_range,https://syzkaller.appspot.com/bug?extid=900d58a45dcaab9e4821,clear_dirty_gfn_range,arch/x86/kvm/mmu,arch
33,WARNING: refcount bug in __reset_page_owner,https://syzkaller.appspot.com/bug?extid=98c1a1753a0731df2dd4,__reset_page_owner,mm,mm
34,divide error in tcp_rcv_space_adjust,https://syzkaller.appspot.com/bug?id=33965bc983eb2f2b7897d86580995f82f74ceadf,tcp_rcv_space_adjust,net/ipv4,net
35,possible deadlock in unix_notinflight,https://syzkaller.appspot.com/bug?extid=38b3aa8cd529958bd27a,unix_notinflight,net/unix,net
36,possible deadlock in __unix_gc,https://syzkaller.appspot.com/bug?extid=fa379358c28cc87cc307,__unix_gc,HELP
37,WARNING: refcount bug in ax25_release,https://syzkaller.appspot.com/bug?id=a1f555065c04e89f06db42f87d926a717d02d04b,ax25_release,net/ax25,net
38,INFO: rcu detected stall in rtnl_newlink,https://syzkaller.appspot.com/bug?id=3c56e9d1ad2ab1b8e44cdc7e6cc8041e913e32d2,rtnl_newlink,HELP
39,KASAN: slab-use-after-free Read in __vma_reservation_common,https://syzkaller.appspot.com/bug?extid=ad1b592fc4483655438b,__vma_reservation_common,mm,mm
40,KMSAN: uninit-value in geneve_xmit,https://syzkaller.appspot.com/bug?extid=9ee20ec1de7b3168db09,geneve_xmit,drivers/net,drivers
41,KASAN: slab-use-after-free Read in v9fs_stat2inode_dotl,https://syzkaller.appspot.com/bug?extid=7a3d75905ea1a830dbe5,v9fs_stat2inode_dotl,fs/9p,fs
42,WARNING: ODEBUG bug in bdev_super_lock,https://syzkaller.appspot.com/bug?extid=3acccbed6f1454bf337c,bdev_super_lock,fs,fs
43,KMSAN: uninit-value in gre_rcv,https://syzkaller.appspot.com/bug?extid=1c1cf138518bf0c53d68,gre_rcv,HELP
44,WARNING in vmk80xx_auto_attach/usb_submit_urb,https://syzkaller.appspot.com/bug?extid=5f29dc6a889fc42bd896,vmk80xx_auto_attach/usb_submit_urb,HELP
45,KASAN: slab-use-after-free Read in bpf_link_free,https://syzkaller.appspot.com/bug?extid=b3851d693eb8edda5c7d,bpf_link_free,kernel/bpf,kernel
46,WARNING in __mark_chain_precision,https://syzkaller.appspot.com/bug?extid=148110ee7cf72f39f33e,__mark_chain_precision,kernel/bpf,kernel
47,UBSAN: array-index-out-of-bounds in check_stack_range_initialized,https://syzkaller.appspot.com/bug?extid=33f4297b5f927648741a,check_stack_range_initialized,kernel/bpf,kernel
48,kernel BUG in submit_bh_wbc,https://syzkaller.appspot.com/bug?extid=3a841e887ad90c07541a,submit_bh_wbc,fs,fs
49,inconsistent lock state in snd_hrtimer_callback,https://syzkaller.appspot.com/bug?extid=8933e1c7c07fe8f2dcd3,snd_hrtimer_callback,sound/core,sound
50,possible deadlock in snd_timer_close_locked,https://syzkaller.appspot.com/bug?extid=19df3985ca9ea18a8fdf,snd_timer_close_locked,sound/core,sound
51,inconsistent lock state in snd_timer_interrupt,https://syzkaller.appspot.com/bug?extid=0a26629966fddb6d4760,snd_timer_interrupt,sound/core,sound
52,INFO: rcu detected stall in snd_timer_user_release,https://syzkaller.appspot.com/bug?extid=3e603db0222a2db35117,snd_timer_user_release,HELP
53,possible deadlock in _snd_pcm_stream_lock_irqsave,https://syzkaller.appspot.com/bug?extid=faf0acea764965b3e59e,_snd_pcm_stream_lock_irqsave,sound/core,sound
54,WARNING in cleanup_net,https://syzkaller.appspot.com/bug?extid=9ada62e1dc03fdc41982,cleanup_net,net/core,net
55,inconsistent lock state in snd_timer_interrupt,https://syzkaller.appspot.com/bug?id=ac671a95b784bff35b7167287b2fee946a0e8511,snd_timer_interrupt,sound/core,sound
56,WARNING: ODEBUG bug in bdev_super_lock,https://syzkaller.appspot.com/bug?extid=9c0a93c676799fdf466c,bdev_super_lock,fs,fs
57,KMSAN: uninit-value in cookie_v4_check,https://syzkaller.appspot.com/bug?id=82983bc28f0291f60cd54268fe0c6fbf65daa33d,cookie_v4_check,HELP
58,KMSAN: uninit-value in bcmp,https://syzkaller.appspot.com/bug?extid=3ce5dea5b1539ff36769,bcmp,HELP
59,KASAN: slab-use-after-free Read in sys_io_cancel,https://syzkaller.appspot.com/bug?extid=b91eb2ed18f599dd3c31,sys_io_cancel,HELP
60,possible deadlock in _snd_pcm_stream_lock_irqsave,https://syzkaller.appspot.com/bug?extid=18840ef96e57b83b7fea,_snd_pcm_stream_lock_irqsave,sound/core,sound
61,divide error in isd200_ata_command,https://syzkaller.appspot.com/bug?extid=28748250ab47a8f04100,isd200_ata_command,drivers/usb/storage,drivers
62,KASAN: slab-use-after-free Read in f2fs_filemap_fault,https://syzkaller.appspot.com/bug?extid=763afad57075d3f862f2,f2fs_filemap_fault,fs/f2fs,fs
63,KMSAN: uninit-value in hsr_get_node,https://syzkaller.appspot.com/bug?extid=2ef3a8ce8e91b5a50098,hsr_get_node,net/hsr,net
64,KMSAN: kernel-infoleak in sys_name_to_handle_at,https://syzkaller.appspot.com/bug?extid=09b349b3066c2e0b1e96,sys_name_to_handle_at,HELP
65,possible deadlock in snd_pcm_period_elapsed,https://syzkaller.appspot.com/bug?extid=28c1a5a5b041a754b947,snd_pcm_period_elapsed,HELP
66,inconsistent lock state in snd_timer_interrupt,https://syzkaller.appspot.com/bug?extid=d832e7bb0f8bf47217f1,snd_timer_interrupt,HELP
67,WARNING in rds_conn_connect_if_down,https://syzkaller.appspot.com/bug?extid=d4faee732755bba9838e,rds_conn_connect_if_down,net/rds,net
68,KMSAN: uninit-value in geneve_udp_encap_recv,https://syzkaller.appspot.com/bug?id=3921c6924295b5daf7752fc57e6411e274ee7abf,geneve_udp_encap_recv,drivers/net,drivers
69,kernel BUG at fs/buffer.c:LINE!,https://syzkaller.appspot.com/bug?extid=cfed5b56649bddf80d6e,fs/buffer.c:LINE!,fs,fs
70,KMSAN: uninit-value in ima_add_template_entry,https://syzkaller.appspot.com/bug?extid=7bc44a489f0ef0670bd5,ima_add_template_entry,security/integrity/ima,security
71,possible deadlock in tcp_diag_get_aux,https://syzkaller.appspot.com/bug?id=0c13eb20d3026cfaa1632f4b45e4a0dd39bb990e,tcp_diag_get_aux,net/ipv4,net
72,BUG: unable to handle kernel NULL pointer dereference in sk_psock_verdict_data_ready,https://syzkaller.appspot.com/bug?extid=fd7b34375c1c8ce29c93,sk_psock_verdict_data_ready,net/core,net
73,INFO: task hung in unix_stream_sendmsg,https://syzkaller.appspot.com/bug?extid=ecab4d36f920c3574bf9,unix_stream_sendmsg,net/unix,net
74,kernel BUG in end_buffer_async_write,https://syzkaller.appspot.com/bug?extid=5c04210f7c7f897c1e7f,end_buffer_async_write,fs,fs
75,memory leak in pppoe_sendmsg,https://syzkaller.appspot.com/bug?extid=6bdfd184eac7709e5cc9,pppoe_sendmsg,drivers/net/ppp,drivers
76,memory leak in corrupted,https://syzkaller.appspot.com/bug?extid=ebe64cc5950868e77358,corrupted,HELP
77,kernel BUG in iov_iter_revert,https://syzkaller.appspot.com/bug?extid=fd404f6b03a58e8bc403,iov_iter_revert,lib,lib
78,possible deadlock in rds_wake_sk_sleep,https://syzkaller.appspot.com/bug?extid=dcd73ff9291e6d34b3ab,rds_wake_sk_sleep,net/rds,net
79,possible deadlock in rds_message_put,https://syzkaller.appspot.com/bug?extid=f9db6ff27b9bfdcfeca0,rds_message_put,HELP
80,KASAN: slab-use-after-free Read in sock_wfree,https://syzkaller.appspot.com/bug?id=0ba3ac2d2d625350966cb2285d0286c977fde566,sock_wfree,HELP
81,WARNING: ODEBUG bug in hash_netiface4_destroy,https://syzkaller.appspot.com/bug?extid=52bbc0ad036f6f0d4a25,hash_netiface4_destroy,net/netfilter/ipset,net
82,memory leak in virtual_ncidev_write,https://syzkaller.appspot.com/bug?extid=6b7c68d9c21e4ee4251b,virtual_ncidev_write,drivers/nfc,drivers
83,KMSAN: uninit-value in IP6_ECN_decapsulate,https://syzkaller.appspot.com/bug?id=9ae8b570f6056dcbfb813b6d7b895367c04ac442,IP6_ECN_decapsulate,include/net,include
84,WARNING in bcm5974_start_traffic/usb_submit_urb,https://syzkaller.appspot.com/bug?extid=348331f63b034f89b622,bcm5974_start_traffic/usb_submit_urb,HELP
85,WARNING in ieee80211_bss_info_change_notify,https://syzkaller.appspot.com/bug?extid=dd4779978217b1973180,ieee80211_bss_info_change_notify,net/mac80211,net
86,WARNING in __nf_unregister_net_hook,https://syzkaller.appspot.com/bug?extid=de4025c006ec68ac56fc,__nf_unregister_net_hook,net/netfilter,net
87,memory leak in sctp_packet_transmit,https://syzkaller.appspot.com/bug?extid=8bb053b5d63595ab47db,sctp_packet_transmit,net/sctp,net
88,KMSAN: uninit-value in geneve_xmit,https://syzkaller.appspot.com/bug?id=ebf763e427156c437f34f9a2f0cf4b22ab01f100,geneve_xmit,drivers/net,drivers
89,KASAN: use-after-free Read in __skb_flow_dissect,https://syzkaller.appspot.com/bug?extid=bfde3bef047a81b8fde6,__skb_flow_dissect,net/core,net
90,memory leak in add_block_entry,https://syzkaller.appspot.com/bug?extid=c563a3c79927971f950f,add_block_entry,fs/btrfs,fs
91,INFO: task hung in addrconf_dad_work,https://syzkaller.appspot.com/bug?id=966f99bfff864d327657f9e6d4697612c04e9da4,addrconf_dad_work,net/ipv6,net
92,memory leak in add_tree_block,https://syzkaller.appspot.com/bug?extid=be14ed7728594dc8bd42,add_tree_block,fs/btrfs,fs
93,KMSAN: kernel-infoleak in __skb_datagram_iter,https://syzkaller.appspot.com/bug?extid=34ad5fab48f7bf510349,__skb_datagram_iter,net/core,net
94,INFO: task hung in unix_dgram_sendmsg,https://syzkaller.appspot.com/bug?extid=4fa4a2d1f5a5ee06f006,unix_dgram_sendmsg,HELP
95,KMSAN: uninit-value in __llc_lookup_established,https://syzkaller.appspot.com/bug?extid=b5ad66046b913bc04c6f,__llc_lookup_established,HELP
96,INFO: task hung in migrate_pages_batch,https://syzkaller.appspot.com/bug?extid=ee2ae68da3b22d04cd8d,migrate_pages_batch,mm,mm
97,BUG: unable to handle kernel NULL pointer dereference in crypto_arc4_crypt,https://syzkaller.appspot.com/bug?extid=050eeedd6c285d8c42f2,crypto_arc4_crypt,crypto,crypto
98,WARNING in kvm_mmu_notifier_invalidate_range_start,https://syzkaller.appspot.com/bug?extid=c74f40907a9c0479af10,kvm_mmu_notifier_invalidate_range_start,/virt/kvm,
99,possible deadlock in hci_rfkill_set_block,https://syzkaller.appspot.com/bug?extid=f93d183bc91522d90de9,hci_rfkill_set_block,net/bluetooth,net
100,WARNING: ODEBUG bug in netdev_run_todo,https://syzkaller.appspot.com/bug?extid=f9484b345f41843fc9a9,netdev_run_todo,net/core,net
101,KMSAN: uninit-value in ip6_tnl_parse_tlv_enc_lim,https://syzkaller.appspot.com/bug?id=104330681e649191287203cf8ccf7489d0f082da,ip6_tnl_parse_tlv_enc_lim,net/ipv6,net
102,KMSAN: uninit-value in subflow_check_req,https://syzkaller.appspot.com/bug?id=3d557a5baf180619dcb3410b72ed942a9e8f2258,subflow_check_req,net/mptcp,net
103,KASAN: slab-use-after-free Read in nfc_alloc_send_skb,https://syzkaller.appspot.com/bug?extid=bbe84a4010eeea00982d,nfc_alloc_send_skb,net/nfc,net
104,general protection fault in bio_first_folio,https://syzkaller.appspot.com/bug?extid=8b23309d5788a79d3eea,bio_first_folio,include/linux,include
105,WARNING in get_pte_pfn,https://syzkaller.appspot.com/bug?extid=03fd9b3f71641f0ebf2d,get_pte_pfn,mm,mm
106,KASAN: slab-use-after-free Read in kill_f2fs_super,https://syzkaller.appspot.com/bug?extid=8f477ac014ff5b32d81f,kill_f2fs_super,fs/f2fs,fs
107,WARNING in mptcp_check_listen_stop,https://syzkaller.appspot.com/bug?extid=5a01c3a666e726bc8752,mptcp_check_listen_stop,net/mptcp,net
108,WARNING in __sk_msg_free,https://syzkaller.appspot.com/bug?extid=f2977222e0e95cec15c8,__sk_msg_free,include/linux,include
109,possible deadlock in pipe_write,https://syzkaller.appspot.com/bug?extid=011e4ea1da6692cf881c,pipe_write,fs,fs
110,KASAN: slab-out-of-bounds Read in dsa_user_changeupper,https://syzkaller.appspot.com/bug?extid=d81bcd883824180500c8,dsa_user_changeupper,net/dsa,net
111,BUG: unable to handle kernel NULL pointer dereference in gfs2_rgrp_dump,https://syzkaller.appspot.com/bug?extid=da0fc229cc1ff4bb2e6d,gfs2_rgrp_dump,fs/gfs2,fs
112,WARNING in kvm_mmu_notifier_change_pte,https://syzkaller.appspot.com/bug?extid=81227d2bd69e9dedb802,kvm_mmu_notifier_change_pte,/virt/kvm,
113,KMSAN: uninit-value in netif_skb_features,https://syzkaller.appspot.com/bug?id=48be0c7d808d342eadac3b515f2353c4e7bae26c,netif_skb_features,net/core,net
114,INFO: task hung in hwrng_fillfn,https://syzkaller.appspot.com/bug?extid=c52ab18308964d248092,hwrng_fillfn,drivers/char/hw_random,drivers
115,KMSAN: uninit-value in shrinker_alloc,https://syzkaller.appspot.com/bug?extid=1e0ed05798af62917464,shrinker_alloc,mm,mm
116,KASAN: slab-use-after-free Read in destroy_device_list,https://syzkaller.appspot.com/bug?extid=a5e651ca75fa0260acd5,destroy_device_list,fs/f2fs,fs
117,kernel BUG in gfs2_quota_cleanup,https://syzkaller.appspot.com/bug?extid=3b6e67ac2b646da57862,gfs2_quota_cleanup,fs/gfs2,fs
118,KMSAN: uninit-value in validate_xmit_skb,https://syzkaller.appspot.com/bug?extid=7f4d0ea3df4d4fa9a65f,validate_xmit_skb,net/core,net
119,general protection fault in skb_segment,https://syzkaller.appspot.com/bug?id=c8ba9c61f0685028ec6cb84d0b6185133a57384d,skb_segment,HELP
120,WARNING in fib6_add,https://syzkaller.appspot.com/bug?id=10c9999a8947bf92b44fdd36c80891779678852f,fib6_add,HELP
121,KASAN: slab-use-after-free Read in btrfs_qgroup_account_extent,https://syzkaller.appspot.com/bug?extid=e0b615318f8fcfc01ceb,btrfs_qgroup_account_extent,fs/btrfs,fs
122,KASAN: slab-out-of-bounds Read in dns_resolver_preparse,https://syzkaller.appspot.com/bug?extid=94bbb75204a05da3d89f,dns_resolver_preparse,HELP
123,WARNING in rate_control_rate_init,https://syzkaller.appspot.com/bug?extid=62d7eef57b09bfebcd84,rate_control_rate_init,net/mac80211,net
124,general protection fault in dccp_write_xmit,https://syzkaller.appspot.com/bug?extid=c71bc336c5061153b502,dccp_write_xmit,net/dccp,net
125,general protection fault in d_path,https://syzkaller.appspot.com/bug?extid=a67fc5321ffb4b311c98,d_path,fs,fs
126,KASAN: null-ptr-deref Write in unix_stream_bpf_update_proto,https://syzkaller.appspot.com/bug?extid=e8030702aefd3444fb9e,unix_stream_bpf_update_proto,net/unix,net
127,general protection fault in hugetlb_vma_lock_write,https://syzkaller.appspot.com/bug?extid=6ada951e7c0f7bc8a71e,hugetlb_vma_lock_write,mm,mm
128,general protection fault in tls_merge_open_record,https://syzkaller.appspot.com/bug?extid=40d43509a099ea756317,tls_merge_open_record,net/tls,net
129,WARNING in pagemap_scan_pmd_entry,https://syzkaller.appspot.com/bug?extid=e94c5aaf7890901ebf9b,pagemap_scan_pmd_entry,arch/x86/include/asm,arch
130,WARNING in __alloc_skb,https://syzkaller.appspot.com/bug?id=a76943e0f39ec6385be32b6c4f66a62f7f01ce01,__alloc_skb,net/core,net
131,WARNING in unmap_page_range,https://syzkaller.appspot.com/bug?extid=7ca4b2719dc742b8d0a4,unmap_page_range,mm,mm
132,memory leak in ovl_parse_param,https://syzkaller.appspot.com/bug?extid=26eedf3631650972f17c,ovl_parse_param,fs/overlayfs,fs
133,KMSAN: uninit-value in drm_mode_setcrtc,https://syzkaller.appspot.com/bug?extid=4fad2e57beb6397ab2fc,drm_mode_setcrtc,drivers/gpu/drm,drivers
134,WARNING in blk_mq_start_request,https://syzkaller.appspot.com/bug?extid=fcc47ba2476570cbbeb0,blk_mq_start_request,HELP
135,KASAN: slab-use-after-free Read in unix_stream_read_actor,https://syzkaller.appspot.com/bug?id=4b44a54ec1549ca9274715d46562bd9da3a43e65,unix_stream_read_actor,net/unix,net
136,WARNING in create_pending_snapshot,https://syzkaller.appspot.com/bug?extid=4d81015bc10889fd12ea,create_pending_snapshot,HELP
137,general protection fault in ptp_ioctl,https://syzkaller.appspot.com/bug?extid=8a78ecea7ac1a2ea26e5,ptp_ioctl,HELP
138,WARNING in __kernel_write_iter,https://syzkaller.appspot.com/bug?extid=12e098239d20385264d3,__kernel_write_iter,fs,fs
139,memory leak in btrfs_add_delayed_tree_ref,https://syzkaller.appspot.com/bug?extid=d3ddc6dcc6386dea398b,btrfs_add_delayed_tree_ref,fs/btrfs,fs
140,WARNING in ext4_dio_write_end_io,https://syzkaller.appspot.com/bug?extid=47479b71cdfc78f56d30,ext4_dio_write_end_io,fs/ext4,fs
141,KASAN: slab-use-after-free Read in iommufd_vfio_ioas,https://syzkaller.appspot.com/bug?extid=d31adfb277377ef8fcba,iommufd_vfio_ioas,HELP
142,BUG: Dentry still in use in unmount,https://syzkaller.appspot.com/bug?extid=8608bb4553edb8c78f41,use,HELP
143,KASAN: use-after-free Read in j1939_session_get_by_addr,https://syzkaller.appspot.com/bug?extid=d9536adc269404a984f8,j1939_session_get_by_addr,net/can/j1939,net
144,KASAN: stack-out-of-bounds Read in tcp_inbound_hash,https://syzkaller.appspot.com/bug?id=31696c368c37781bba68b3ea0f9041b5acd4d400,tcp_inbound_hash,include/net,include
145,WARNING in dev_index_reserve,https://syzkaller.appspot.com/bug?id=5270676317f74d30265abb76b7ca58b5608ca545,dev_index_reserve,net/core,net
146,KMSAN: uninit-value in dccp_v6_err,https://syzkaller.appspot.com/bug?id=e4b275515655e20e17e6fa68330b6656bf5588d4,dccp_v6_err,net/dccp,net
147,KASAN: slab-out-of-bounds Read in ntfs_listxattr,https://syzkaller.appspot.com/bug?extid=9fcea5ef6dc4dc72d334,ntfs_listxattr,fs/ntfs3,fs
148,general protection fault in scatterwalk_copychunks,https://syzkaller.appspot.com/bug?extid=66e3ea42c4b176748b9c,scatterwalk_copychunks,crypto,crypto
149,general protection fault in ovl_encode_real_fh,https://syzkaller.appspot.com/bug?extid=2208f82282740c1c8915,ovl_encode_real_fh,fs/overlayfs,fs
150,KMSAN: uninit-value in smsc95xx_reset,https://syzkaller.appspot.com/bug?extid=c74c24b43c9ae534f0e0,smsc95xx_reset,drivers/net/usb,drivers
151,general protection fault in usb_hub_create_port_device,https://syzkaller.appspot.com/bug?extid=c063a4e176681d2e0380,usb_hub_create_port_device,drivers/usb/core,drivers
152,KASAN: slab-out-of-bounds Read in create_monitor_event,https://syzkaller.appspot.com/bug?extid=c90849c50ed209d77689,create_monitor_event,net/bluetooth,net
153,kernel BUG in __block_write_begin_int,https://syzkaller.appspot.com/bug?extid=4a08ffdf3667b36650a1,__block_write_begin_int,fs,fs
154,WARNING in ext4_iomap_begin,https://syzkaller.appspot.com/bug?extid=307da6ca5cb0d01d581a,ext4_iomap_begin,fs/ext4,fs
155,KASAN: use-after-free Read in bcmp,https://syzkaller.appspot.com/bug?extid=53ce40c8c0322c06aea5,bcmp,lib,lib
156,general protection fault in serio_handle_event,https://syzkaller.appspot.com/bug?extid=bbc59256015533127d80,serio_handle_event,drivers/input/serio,drivers
157,KMSAN: uninit-value in IP6_ECN_decapsulate,https://syzkaller.appspot.com/bug?extid=bf7e6250c7ce248f3ec9,IP6_ECN_decapsulate,HELP
158,KMSAN: uninit-value in __tipc_nl_bearer_enable,https://syzkaller.appspot.com/bug?extid=9425c47dccbcb4c17d51,__tipc_nl_bearer_enable,net/tipc,net
159,memory leak in kcm_sendmsg,https://syzkaller.appspot.com/bug?extid=6f98de741f7dbbfc4ccb,kcm_sendmsg,net/kcm,net
160,KMSAN: uninit-value in virtio_transport_recv_pkt,https://syzkaller.appspot.com/bug?extid=0c8ce1da0ac31abbadcd,virtio_transport_recv_pkt,net/vmw_vsock,net
161,WARNING in skb_warn_bad_offload,https://syzkaller.appspot.com/bug?extid=c99d835ff081ca30f986,skb_warn_bad_offload,net/core,net
162,WARNING in __ip6_append_data,https://syzkaller.appspot.com/bug?extid=62cbf263225ae13ff153,__ip6_append_data,net/ipv6,net
163,BUG: corrupted list in ptp_open,https://syzkaller.appspot.com/bug?extid=df3f3ef31f60781fa911,ptp_open,drivers/ptp,drivers
164,general protection fault in nfc_register_device,https://syzkaller.appspot.com/bug?extid=bdfb03b1ec8b342c12cb,nfc_register_device,net/nfc,net
165,possible deadlock in rfkill_send_events,https://syzkaller.appspot.com/bug?extid=509238e523e032442b80,rfkill_send_events,net/rfkill,net
166,general protection fault in wpan_phy_register,https://syzkaller.appspot.com/bug?extid=b8bf7edf9f83071ea0a9,wpan_phy_register,net/ieee802154,net
167,BUG: Bad page map,https://syzkaller.appspot.com/bug?extid=55cc72f8cc3a549119df,HELP
168,general protection fault in io_get_cqe_overflow,https://syzkaller.appspot.com/bug?extid=efc45d4e7ba6ab4ef1eb,io_get_cqe_overflow,io_uring,io_uring
169,general protection fault in hci_register_dev,https://syzkaller.appspot.com/bug?extid=410a8e33c6a740b40d51,hci_register_dev,net/bluetooth,net
170,WARNING in skb_checksum_help,https://syzkaller.appspot.com/bug?extid=01cdbc31e9c0ae9b33ac,skb_checksum_help,net/core,net
171,KMSAN: uninit-value in tipc_nl_node_reset_link_stats,https://syzkaller.appspot.com/bug?extid=5138ca807af9d2b42574,tipc_nl_node_reset_link_stats,net/tipc,net
172,BUG: corrupted list in nfc_llcp_register_device,https://syzkaller.appspot.com/bug?extid=c1d0a03d305972dbbe14,nfc_llcp_register_device,net/nfc,net
173,BUG: sleeping function called from invalid context in __hci_cmd_sync_sk,https://syzkaller.appspot.com/bug?extid=c715e1bd8dfbcb1ab176,__hci_cmd_sync_sk,net/bluetooth,net
174,general protection fault in bpf_prog_offload_verifier_prep,https://syzkaller.appspot.com/bug?extid=291100dcb32190ec02a8,bpf_prog_offload_verifier_prep,kernel/bpf,kernel
175,possible deadlock in btrfs_search_slot,https://syzkaller.appspot.com/bug?extid=bf66ad948981797d2f1d,btrfs_search_slot,fs/btrfs,fs
176,memory leak in binder_transaction,https://syzkaller.appspot.com/bug?extid=7f10c1653e35933c0f1e,binder_transaction,drivers/android,drivers
177,KMSAN: uninit-value in smsc95xx_eeprom_confirm_not_busy,https://syzkaller.appspot.com/bug?extid=2c97a98a5ba9ea9c23bd,smsc95xx_eeprom_confirm_not_busy,drivers/net/usb,drivers
178,UBSAN: shift-out-of-bounds in nci_activate_target,https://syzkaller.appspot.com/bug?extid=0839b78e119aae1fec78,nci_activate_target,net/nfc/nci,net
179,WARNING in inet_csk_get_port,https://syzkaller.appspot.com/bug?extid=71e724675ba3958edb31,inet_csk_get_port,net/ipv4,net
180,KASAN: slab-use-after-free Read in ntfs_write_bh,https://syzkaller.appspot.com/bug?extid=bc79f8d1898960d41073,ntfs_write_bh,fs/ntfs3,fs
181,KASAN: use-after-free Read in ntfs_test_inode,https://syzkaller.appspot.com/bug?extid=2751da923b5eb8307b0b,ntfs_test_inode,fs/ntfs,fs
182,KMSAN: uninit-value in fq_change,https://syzkaller.appspot.com/bug?id=82f85bc8bd5176e0a66462b807e9bb79904fb979,fq_change,net/sched,net
183,KMSAN: uninit-value in llc_station_rcv,https://syzkaller.appspot.com/bug?id=3074d5b1905fbcf81d8bc785e43be11641129cf9,llc_station_rcv,net/llc,net
184,WARNING in try_grab_page,https://syzkaller.appspot.com/bug?extid=9b82859567f2e50c123e,try_grab_page,mm,mm
185,INFO: rcu detected stall in sys_close,https://syzkaller.appspot.com/bug?extid=e46fbd5289363464bc13,sys_close,fs,fs
186,WARNING in unregister_vlan_dev,https://syzkaller.appspot.com/bug?extid=662f783a5cdf3add2719,unregister_vlan_dev,net/8021q,net
187,general protection fault in io_uring_show_fdinfo,https://syzkaller.appspot.com/bug?extid=216e2ea6e0bf4a0acdd7,io_uring_show_fdinfo,io_uring,io_uring
188,KASAN: slab-out-of-bounds Read in read_descriptors,https://syzkaller.appspot.com/bug?extid=18996170f8096c6174d0,read_descriptors,drivers/usb/core,drivers
189,UBSAN: array-index-out-of-bounds in f2fs_iget,https://syzkaller.appspot.com/bug?extid=601018296973a481f302,f2fs_iget,HELP
190,WARNING in ip6_tnl_exit_batch_net,https://syzkaller.appspot.com/bug?extid=d810d3cd45ed1848c3f7,ip6_tnl_exit_batch_net,HELP
191,KASAN: stack-out-of-bounds Write in __nla_validate_parse,https://syzkaller.appspot.com/bug?id=c8dd3b254fe77feaac61c01bd1de7e1b9a876703,__nla_validate_parse,lib,lib
192,KMSAN: uninit-value in af_alg_free_resources,https://syzkaller.appspot.com/bug?extid=cba21d50095623218389,af_alg_free_resources,HELP
193,WARNING in iommufd_access_destroy,https://syzkaller.appspot.com/bug?extid=7574ebfe589049630608,iommufd_access_destroy,drivers/iommu/iommufd,drivers
194,KASAN: slab-use-after-free Read in xsk_diag_dump,https://syzkaller.appspot.com/bug?extid=822d1359297e2694f873,xsk_diag_dump,net/xdp,net
195,KASAN: slab-use-after-free Read in nilfs_load_inode_block,https://syzkaller.appspot.com/bug?extid=74db8b3087f293d3a13a,nilfs_load_inode_block,fs/nilfs2,fs
196,WARNING in mark_buffer_dirty,https://syzkaller.appspot.com/bug?extid=cdfcae656bac88ba0e2d,mark_buffer_dirty,fs,fs
197,INFO: rcu detected stall in nsim_dev_trap_report_work,https://syzkaller.appspot.com/bug?id=91c0931c12fc7b4d3cfbbb5e96b3aa15ffa35117,nsim_dev_trap_report_work,drivers/net/netdevsim,drivers
198,WARNING in rtnl_dellink,https://syzkaller.appspot.com/bug?extid=4b4f06495414e92701d5,rtnl_dellink,net/core,net
199,KASAN: slab-use-after-free Read in fuse_test_super,https://syzkaller.appspot.com/bug?extid=5b64180f8d9e39d3f061,fuse_test_super,fs/fuse,fs
200,KASAN: slab-use-after-free Read in iopt_unmap_iova_range,https://syzkaller.appspot.com/bug?extid=1ad12d16afca0e7d2dde,iopt_unmap_iova_range,drivers/iommu/iommufd,drivers
201,INFO: task hung in pipe_release,https://syzkaller.appspot.com/bug?extid=f527b971b4bdc8e79f9e,pipe_release,fs,fs
202,possible deadlock in do_user_addr_fault,https://syzkaller.appspot.com/bug?extid=278098b0faaf0595072b,do_user_addr_fault,arch/x86/mm,arch
203,general protection fault in sys_finit_module,https://syzkaller.appspot.com/bug?extid=9e4e94a2689427009d35,sys_finit_module,HELP
204,KASAN: slab-out-of-bounds Read in do_csum,https://syzkaller.appspot.com/bug?extid=4a9f9820bd8d302e22f7,do_csum,lib,lib
205,WARNING in dev_index_reserve,https://syzkaller.appspot.com/bug?extid=5ba06978f34abb058571,dev_index_reserve,net/core,net
206,possible deadlock in lock_mm_and_find_vma,https://syzkaller.appspot.com/bug?extid=1741a5d9b79989c10bdc,lock_mm_and_find_vma,mm,mm
207,KASAN: use-after-free Read in gsm_cleanup_mux,https://syzkaller.appspot.com/bug?extid=893c55305230e719a203,gsm_cleanup_mux,drivers/tty,drivers
208,WARNING in bpf_xdp_adjust_tail,https://syzkaller.appspot.com/bug?extid=f817490f5bd20541b90a,bpf_xdp_adjust_tail,net/core,net
209,WARNING in ext4_file_write_iter,https://syzkaller.appspot.com/bug?extid=5050ad0fb47527b1808a,ext4_file_write_iter,fs/ext4,fs
210,KASAN: slab-out-of-bounds Read in mt_validate_nulls,https://syzkaller.appspot.com/bug?extid=609e63261638ff3d5436,mt_validate_nulls,lib,lib
211,kernel BUG in validate_mm,https://syzkaller.appspot.com/bug?extid=70b97abe3e253d1c3f8e,validate_mm,mm,mm
212,KASAN: invalid-free in init_file,https://syzkaller.appspot.com/bug?extid=ada42aab05cf51b00e98,init_file,fs,fs
213,kernel BUG in prepare_to_merge,https://syzkaller.appspot.com/bug?extid=ae97a827ae1c3336bbb4,prepare_to_merge,fs/btrfs,fs
214,BUG: MAX_LOCKDEP_CHAIN_HLOCKS too low!,https://syzkaller.appspot.com/bug?extid=9bbbacfbf1e04d5221f7,HELP
215,KASAN: slab-use-after-free Read in afs_dynroot_test_super,https://syzkaller.appspot.com/bug?extid=629c4f1a4cefe03f8985,afs_dynroot_test_super,fs/afs,fs
216,WARNING in corrupted,https://syzkaller.appspot.com/bug?extid=27b0b464864741b18b99,corrupted,HELP
217,KASAN: slab-use-after-free Write in sco_chan_del,https://syzkaller.appspot.com/bug?extid=cf54c1da6574b6c1b049,sco_chan_del,net/bluetooth,net
218,KMSAN: uninit-value in __netif_receive_skb_core,https://syzkaller.appspot.com/bug?extid=b202b7208664142954fa,__netif_receive_skb_core,net/core,net
219,memory leak in snd_seq_create_port,https://syzkaller.appspot.com/bug?extid=cf8e7fa4eeec59b3d485,snd_seq_create_port,HELP
220,possible deadlock in f2fs_getxattr,https://syzkaller.appspot.com/bug?extid=e5600587fa9cbf8e3826,f2fs_getxattr,fs/f2fs,fs
221,general protection fault in btrfs_finish_ordered_extent,https://syzkaller.appspot.com/bug?extid=5b82f0e951f8c2bcdb8f,btrfs_finish_ordered_extent,HELP
222,memory leak in _r8712_init_xmit_priv,https://syzkaller.appspot.com/bug?extid=cf71097ffb6755df8251,_r8712_init_xmit_priv,drivers/staging/rtl8712,drivers
223,UBSAN: shift-out-of-bounds in extAlloc,https://syzkaller.appspot.com/bug?extid=5f088f29593e6b4c8db8,extAlloc,fs/jfs,fs
224,KASAN: slab-use-after-free Write in mini_qdisc_pair_swap,https://syzkaller.appspot.com/bug?extid=b53a9c0d1ea4ad62da8b,mini_qdisc_pair_swap,net/sched,net
225,memory leak in htc_connect_service,https://syzkaller.appspot.com/bug?extid=b68fbebe56d8362907e8,htc_connect_service,drivers/net/wireless/ath/ath9k,drivers
226,possible deadlock in static_key_slow_inc,https://syzkaller.appspot.com/bug?extid=2ab700fe1829880a2ec6,static_key_slow_inc,kernel,kernel
227,INFO: trying to register non-static key in skb_dequeue,https://syzkaller.appspot.com/bug?extid=eba589d8f49c73d356da,skb_dequeue,net/core,net
228,kernel BUG in assertfail,https://syzkaller.appspot.com/bug?extid=c4614eae20a166c25bf0,assertfail,fs/btrfs,fs
229,inconsistent lock state in lru_gen_rotate_memcg,https://syzkaller.appspot.com/bug?extid=87c490fd2be656269b6a,lru_gen_rotate_memcg,mm,mm
230,INFO: trying to register non-static key in skb_queue_tail,https://syzkaller.appspot.com/bug?extid=743547b2a7fd655ffb6d,skb_queue_tail,net/core,net
231,WARNING in btrfs_split_ordered_extent,https://syzkaller.appspot.com/bug?extid=ee90502d5c8fd1d0dd93,btrfs_split_ordered_extent,fs/btrfs,fs
232,INFO: task hung in btrfs_sync_file,https://syzkaller.appspot.com/bug?extid=a694851c6ab28cbcfb9c,btrfs_sync_file,fs/btrfs,fs
233,general protection fault in skb_queue_tail,https://syzkaller.appspot.com/bug?extid=160a7250e255d25725eb,skb_queue_tail,include/linux,include
234,KASAN: slab-out-of-bounds Read in taprio_dequeue_from_txq,https://syzkaller.appspot.com/bug?extid=04afcb3d2c840447559a,taprio_dequeue_from_txq,net/sched,net
235,KASAN: use-after-free Write in j1939_sock_pending_del,https://syzkaller.appspot.com/bug?extid=07bb74aeafc88ba7d5b4,j1939_sock_pending_del,HELP
236,BUG: soft lockup in addrconf_rs_timer,https://syzkaller.appspot.com/bug?id=d9a90022920afc2ae913e9a5fb613f6b9298c4f8,addrconf_rs_timer,net/ipv6,net
237,WARNING in nilfs_segctor_do_construct,https://syzkaller.appspot.com/bug?extid=33494cd0df2ec2931851,nilfs_segctor_do_construct,fs/nilfs2,fs
238,KASAN: user-memory-access Write in zram_slot_lock,https://syzkaller.appspot.com/bug?extid=b8d61a58b7c7ebd2c8e0,zram_slot_lock,drivers/block/zram,drivers
239,KASAN: slab-out-of-bounds Read in ext4_group_desc_csum,https://syzkaller.appspot.com/bug?extid=8785e41224a3afd04321,ext4_group_desc_csum,fs/ext4,fs
240,possible deadlock in sco_conn_del,https://syzkaller.appspot.com/bug?extid=b825d87fe2d043e3e652,sco_conn_del,HELP
241,KMSAN: uninit-value in xfrm_state_find,https://syzkaller.appspot.com/bug?extid=131cd4c6d21724b99a26,xfrm_state_find,net/xfrm,net
242,kernel BUG in workingset_activation,https://syzkaller.appspot.com/bug?extid=644848628d5e12d5438c,workingset_activation,mm,mm
243,memory leak in class_create,https://syzkaller.appspot.com/bug?extid=e7afd76ad060fa0d2605,class_create,drivers/base,drivers
244,KASAN: slab-out-of-bounds Read in xfs_getbmap,https://syzkaller.appspot.com/bug?extid=c103d3808a0de5faaf80,xfs_getbmap,fs/xfs,fs
245,general protection fault in erofs_bread,https://syzkaller.appspot.com/bug?extid=bbb353775d51424087f2,erofs_bread,fs/erofs,fs
246,KASAN: slab-use-after-free Read in hci_conn_hash_flush,https://syzkaller.appspot.com/bug?extid=8bb72f86fc823817bc5d,hci_conn_hash_flush,net/bluetooth,net
247,kernel BUG in page_table_check_clear,https://syzkaller.appspot.com/bug?extid=fcf1a817ceb50935ce99,page_table_check_clear,mm,mm
248,memory leak in hwsim_new_radio_nl,https://syzkaller.appspot.com/bug?extid=904ce6fbb38532d9795c,hwsim_new_radio_nl,drivers/net/wireless/virtual,drivers
249,WARNING in __usbnet_read_cmd/usb_submit_urb,https://syzkaller.appspot.com/bug?extid=2a0e7abd24f1eb90ce25,__usbnet_read_cmd/usb_submit_urb,HELP
250,memory leak in tcf_pedit_init,https://syzkaller.appspot.com/bug?id=fe36c362e30b849dad0ab99e2d1f09b82fc72883,tcf_pedit_init,net/sched,net
251,kernel BUG in find_mergeable_anon_vma,https://syzkaller.appspot.com/bug?extid=8d95422d3537159ca390,find_mergeable_anon_vma,mm,mm
252,unregister_netdevice: waiting for DEV to become free,https://syzkaller.appspot.com/bug?extid=5e70d01ee8985ae62a3b,HELP
253,possible deadlock in jbd2_log_wait_commit,https://syzkaller.appspot.com/bug?extid=9d16c39efb5fade84574,jbd2_log_wait_commit,fs/jbd2,fs
254,possible deadlock in static_key_slow_inc,https://syzkaller.appspot.com/bug?extid=c39682e86c9d84152f93,static_key_slow_inc,HELP
255,KASAN: null-ptr-deref Read in ida_free,https://syzkaller.appspot.com/bug?extid=8ac3859139c685c4f597,ida_free,HELP
256,INFO: rcu detected stall in ext4_file_write_iter,https://syzkaller.appspot.com/bug?extid=b9564ba6e8e00694511b,ext4_file_write_iter,HELP
257,general protection fault in nl802154_trigger_scan,https://syzkaller.appspot.com/bug?extid=bd85b31816913a32e473,nl802154_trigger_scan,HELP
258,KASAN: null-ptr-deref Read in filemap_fault,https://syzkaller.appspot.com/bug?extid=48011b86c8ea329af1b9,filemap_fault,mm,mm
259,INFO: task hung in do_user_addr_fault,https://syzkaller.appspot.com/bug?extid=bed15dbf10294aa4f2ae,do_user_addr_fault,arch/x86/mm,arch
260,general protection fault in virtio_transport_purge_skbs,https://syzkaller.appspot.com/bug?extid=befff0a9536049e7902e,virtio_transport_purge_skbs,net/vmw_vsock,net
261,KASAN: use-after-free Read in ext4_find_extent,https://syzkaller.appspot.com/bug?extid=bf4bb7731ef73b83a3b4,ext4_find_extent,HELP
262,WARNING in j1939_session_deactivate_activate_next,https://syzkaller.appspot.com/bug?extid=3d2eaacbc2b94537c6c5,j1939_session_deactivate_activate_next,net/can/j1939,net
263,WARNING in cleanup_net,https://syzkaller.appspot.com/bug?extid=7e1e1bdb852961150198,cleanup_net,net/core,net
264,KASAN: use-after-free Read in cfusbl_device_notify,https://syzkaller.appspot.com/bug?extid=b563d33852b893653a9e,cfusbl_device_notify,net/caif,net
265,WARNING in ip6erspan_tunnel_xmit,https://syzkaller.appspot.com/bug?id=c203af981f0f7cc27debda75f35d852546cc6013,ip6erspan_tunnel_xmit,include/linux,include
266,general protection fault in __d_add,https://syzkaller.appspot.com/bug?extid=a8f26a403c169b7593fe,__d_add,fs,fs
267,possible deadlock in j1939_sk_errqueue,https://syzkaller.appspot.com/bug?extid=ee1cd780f69483a8616b,j1939_sk_errqueue,net/can/j1939,net
268,KASAN: use-after-free Read in __update_extent_tree_range,https://syzkaller.appspot.com/bug?extid=823000d23b3400619f7c,__update_extent_tree_range,fs/f2fs,fs
269,WARNING in nla_get_range_unsigned,https://syzkaller.appspot.com/bug?id=b724247f95c68e1c380e6b9c48311e07ac1741fd,nla_get_range_unsigned,lib,lib
270,KASAN: slab-out-of-bounds Read in indx_insert_into_buffer,https://syzkaller.appspot.com/bug?extid=d882d57193079e379309,indx_insert_into_buffer,fs/ntfs3,fs
271,WARNING in rmqueue,https://syzkaller.appspot.com/bug?extid=aafb3f37cfeb6534c4ac,rmqueue,HELP
272,WARNING in __dev_queue_xmit,https://syzkaller.appspot.com/bug?id=a1bb30c947f48f416c7d2ebfeee72fd7a692020a,__dev_queue_xmit,include/linux,include
273,memory leak in ath9k_hif_usb_rx_cb,https://syzkaller.appspot.com/bug?extid=e9632e3eb038d93d6bc6,ath9k_hif_usb_rx_cb,drivers/net/wireless/ath/ath9k,drivers
274,KASAN: vmalloc-out-of-bounds Read in __ebt_unregister_table,https://syzkaller.appspot.com/bug?extid=f61594de72d6705aea03,__ebt_unregister_table,net/bridge/netfilter,net
275,WARNING: refcount bug in qrtr_recvmsg,https://syzkaller.appspot.com/bug?extid=a7492efaa5d61b51db23,qrtr_recvmsg,HELP
276,WARNING in split_huge_page_to_list,https://syzkaller.appspot.com/bug?extid=07a218429c8d19b1fb25,split_huge_page_to_list,mm,mm
277,KASAN: slab-use-after-free Read in mas_next_entry,https://syzkaller.appspot.com/bug?extid=a7c1ec5b1d71ceaa5186,mas_next_entry,HELP
278,WARNING in blkdev_put,https://syzkaller.appspot.com/bug?extid=2bcc0d79e548c4f62a59,blkdev_put,block,block
279,memory leak in __proc_create,https://syzkaller.appspot.com/bug?extid=645a4616b87a2f10e398,__proc_create,fs/proc,fs
280,general protection fault in pn533_out_complete,https://syzkaller.appspot.com/bug?extid=1e608ba4217c96d1952f,pn533_out_complete,drivers/nfc/pn533,drivers
281,INFO: trying to register non-static key in net_free,https://syzkaller.appspot.com/bug?id=794c12e24c5bca1161d1b0ebf431c8017d817f5d,net_free,net/core,net
282,memory leak in copy_process,https://syzkaller.appspot.com/bug?extid=7699d9e5635c10253a27,copy_process,HELP
283,KASAN: slab-use-after-free Read in tcf_action_destroy,https://syzkaller.appspot.com/bug?id=6bf42326e0930f0a844a1d53256c0fb15423dda1,tcf_action_destroy,net/sched,net
284,possible deadlock in tty_port_tty_get,https://syzkaller.appspot.com/bug?extid=223c7461c58c58a4cb10,tty_port_tty_get,drivers/tty,drivers
285,WARNING: suspicious RCU usage in mas_walk,https://syzkaller.appspot.com/bug?extid=2ee18845e89ae76342c5,mas_walk,lib,lib
286,memory leak in nfc_genl_se_io,https://syzkaller.appspot.com/bug?extid=df64c0a2e8d68e78a4fa,nfc_genl_se_io,net/nfc,net
287,BUG: bad usercopy in con_font_op,https://syzkaller.appspot.com/bug?extid=3af17071816b61e807ed,con_font_op,drivers/tty/vt,drivers
288,UBSAN: shift-out-of-bounds in dbAllocBits,https://syzkaller.appspot.com/bug?extid=b9ba793adebb63e56dba,dbAllocBits,fs/jfs,fs
289,kernel BUG in fou_build_udp,https://syzkaller.appspot.com/bug?id=5d5821ad053bbbd4a11174989f2bf9d111873c52,fou_build_udp,net/ipv4,net
290,KASAN: use-after-free Read in io_worker_get,https://syzkaller.appspot.com/bug?extid=55cc59267340fad29512,io_worker_get,io_uring,io_uring
291,INFO: task hung in write_cache_pages,https://syzkaller.appspot.com/bug?extid=0adf31ecbba886ab504f,write_cache_pages,HELP
292,WARNING in _copy_from_iter,https://syzkaller.appspot.com/bug?extid=d43608d061e8847ec9f3,_copy_from_iter,lib,lib
293,UBSAN: shift-out-of-bounds in dbFindCtl,https://syzkaller.appspot.com/bug?extid=7edb85bc97be9f350d90,dbFindCtl,fs/jfs,fs
294,KASAN: use-after-free Read in io_wq_worker_wake,https://syzkaller.appspot.com/bug?extid=b3ba2408ce0c74bb9230,io_wq_worker_wake,io_uring,io_uring
295,memory leak in ath9k_hif_usb_firmware_cb,https://syzkaller.appspot.com/bug?extid=6692c72009680f7c4eb2,ath9k_hif_usb_firmware_cb,drivers/net/wireless/ath/ath9k,drivers
296,WARNING in inet_sock_destruct,https://syzkaller.appspot.com/bug?id=3e9b62ff331dcc3a6c28c41207f3b9911828a46b,inet_sock_destruct,net/ipv4,net
297,WARNING in default_device_exit_batch,https://syzkaller.appspot.com/bug?extid=9dfc3f3348729cc82277,default_device_exit_batch,net/core,net
298,WARNING in ath6kl_htc_pipe_rx_complete,https://syzkaller.appspot.com/bug?extid=555908813b2ea35dae9a,ath6kl_htc_pipe_rx_complete,drivers/net/wireless/ath/ath6kl,drivers
299,KASAN: null-ptr-deref Read in __fl_put,https://syzkaller.appspot.com/bug?extid=baabf3efa7c1e57d28b2,__fl_put,net/sched,net
300,general protection fault in sctp_outq_tail,https://syzkaller.appspot.com/bug?extid=47c24ca20a2fa01f082e,sctp_outq_tail,net/sctp,net
301,WARNING in __kernel_read,https://syzkaller.appspot.com/bug?extid=51177e4144d764827c45,__kernel_read,fs,fs
302,WARNING: suspicious RCU usage in mas_start,https://syzkaller.appspot.com/bug?extid=d79e205d463e603f47ff,mas_start,lib,lib
303,WARNING in vkms_get_vblank_timestamp,https://syzkaller.appspot.com/bug?extid=75cc0f9f7e6324dd2501,vkms_get_vblank_timestamp,drivers/gpu/drm/vkms,drivers
304,KASAN: invalid-free in skb_free_head,https://syzkaller.appspot.com/bug?id=0e93739cdd4799ad72795c612cca7658e7607e7f,skb_free_head,net/core,net
305,memory leak in __build_skb,https://syzkaller.appspot.com/bug?extid=e008dccab31bd3647609,__build_skb,HELP
306,KASAN: wild-memory-access Read in io_wq_worker_running,https://syzkaller.appspot.com/bug?extid=d56ec896af3637bdb7e4,io_wq_worker_running,io_uring,io_uring
307,KASAN: slab-out-of-bounds Read in hdr_delete_de,https://syzkaller.appspot.com/bug?extid=9c2811fd56591639ff5f,hdr_delete_de,fs/ntfs3,fs
308,INFO: task hung in port100_probe,https://syzkaller.appspot.com/bug?extid=abd2e0dafb481b621869,port100_probe,drivers/nfc,drivers
309,WARNING in change_protection,https://syzkaller.appspot.com/bug?extid=2b9b4f0895be09a6dec3,change_protection,include/linux,include
310,KASAN: use-after-free Read in drm_gem_object_release_handle,https://syzkaller.appspot.com/bug?extid=c8ae65286134dd1b800d,drm_gem_object_release_handle,HELP
311,general protection fault in em_cmp_match,https://syzkaller.appspot.com/bug?extid=4caeae4c7103813598ae,em_cmp_match,HELP
312,WARNING in devl_port_unregister,https://syzkaller.appspot.com/bug?id=9afdd91cdda65ec7a69ff606cc3fa59d3525bad5,devl_port_unregister,HELP
313,kernel BUG in vhost_get_vq_desc,https://syzkaller.appspot.com/bug?extid=3140b17cb44a7b174008,vhost_get_vq_desc,drivers/vhost,drivers
314,WARNING in skb_warn_bad_offload,https://syzkaller.appspot.com/bug?id=98114a02eef27c6b35fe4aad71435f52d65d2057,skb_warn_bad_offload,net/core,net
315,general protection fault in __pm_runtime_resume,https://syzkaller.appspot.com/bug?extid=b9bd12fbed3485a3e51f,__pm_runtime_resume,drivers/base/power,drivers
316,memory leak in gs_usb_probe,https://syzkaller.appspot.com/bug?extid=4d0ae90a195b269f102d,gs_usb_probe,drivers/net/can/usb,drivers
317,stack segment fault in skb_clone,https://syzkaller.appspot.com/bug?id=7a7396ec307f1f5f3cbd671d69b763ff84ec0522,skb_clone,net/core,net
318,KASAN: invalid-free in tcp_disconnect,https://syzkaller.appspot.com/bug?id=738e37fee508c33dd12a3693bc1790085ac07a50,tcp_disconnect,net/ipv4,net
319,BUG: corrupted list in p9_fd_cancel,https://syzkaller.appspot.com/bug?extid=9b69b8d10ab4a7d88056,p9_fd_cancel,net/9p,net
320,KASAN: use-after-free Read in hugetlb_fault,https://syzkaller.appspot.com/bug?extid=1b27d7a2722eabc2c5d5,hugetlb_fault,mm,mm
321,KASAN: use-after-free Read in filp_close,https://syzkaller.appspot.com/bug?extid=47dd250f527cb7bebf24,filp_close,fs,fs
322,WARNING in __queue_work,https://syzkaller.appspot.com/bug?extid=63bed493aebbf6872647,__queue_work,kernel,kernel
323,general protection fault in erofs_bread,https://syzkaller.appspot.com/bug?extid=3faecbfd845a895c04cb,erofs_bread,fs/erofs,fs
324,WARNING in emulate_vsyscall,https://syzkaller.appspot.com/bug?extid=2698183e871d8a137f9d,emulate_vsyscall,arch/x86/entry/vsyscall,arch
325,KASAN: use-after-free Read in unmap_page_range,https://syzkaller.appspot.com/bug?extid=11210d36738191856de4,unmap_page_range,HELP
326,BUG: sleeping function called from invalid context in lock_sock_nested,https://syzkaller.appspot.com/bug?extid=a5df189917e79d5e59c9,lock_sock_nested,net/core,net
327,WARNING in ex_handler_fprestore,https://syzkaller.appspot.com/bug?extid=2067e764dbcd10721e2e,ex_handler_fprestore,HELP
328,KASAN: use-after-free Read in eth_header_parse_protocol,https://syzkaller.appspot.com/bug?id=a486048b63065fd224f57b16d5a2fdece2b40eca,eth_header_parse_protocol,net/ethernet,net
329,BUG: sleeping function called from invalid context in stack_depot_save,https://syzkaller.appspot.com/bug?extid=b07d8440edb5f8988eea,stack_depot_save,lib,lib
330,UBSAN: shift-out-of-bounds in choke_change,https://syzkaller.appspot.com/bug?id=793e08e191b6dc4a77bb79c0446431e4ae4ce9fc,choke_change,net/sched,net
331,memory leak in nr_create,https://syzkaller.appspot.com/bug?extid=10f1194569953b72f1ae,nr_create,net/netrom,net
332,UBSAN: shift-out-of-bounds in exfat_fill_super,https://syzkaller.appspot.com/bug?extid=da4fe66aaadd3c2e2d1c,exfat_fill_super,fs/exfat,fs
333,UBSAN: shift-out-of-bounds in tcindex_set_parms,https://syzkaller.appspot.com/bug?id=f581d34ea17ca03bef401731e62f1860f46573ae,tcindex_set_parms,HELP
334,UBSAN: shift-out-of-bounds in choke_enqueue,https://syzkaller.appspot.com/bug?id=c5499b672a7daf64fe25e2c2c934f2662aff76cf,choke_enqueue,net/sched,net
335,UBSAN: shift-out-of-bounds in sfq_init,https://syzkaller.appspot.com/bug?extid=97c5bd9cc81eca63d36e,sfq_init,net/sched,net
336,UBSAN: shift-out-of-bounds in red_adaptative_timer,https://syzkaller.appspot.com/bug?id=ab4156bedc54c0bf4325fee7de90bf5f48da069c,red_adaptative_timer,net/sched,net
337,UBSAN: shift-out-of-bounds in __red_change,https://syzkaller.appspot.com/bug?id=9bedd6f83d26d46c0abacc34e468aca4e0484c28,__red_change,net/sched,net
338,UBSAN: shift-out-of-bounds in red_enqueue,https://syzkaller.appspot.com/bug?id=7527ae92ab0b6495f037cfa703ac9dee9295c67c,red_enqueue,net/sched,net
339,WARNING in irqentry_exit,https://syzkaller.appspot.com/bug?extid=d4336c84ed0099fdbe47,irqentry_exit,kernel/entry,kernel
340,memory leak in do_seccomp,https://syzkaller.appspot.com/bug?extid=3ad9614a12f80994c32e,do_seccomp,kernel,kernel
341,BUG: unable to handle kernel NULL pointer dereference in loop_rw_iter,https://syzkaller.appspot.com/bug?extid=1abbd16e49910f6bbe45,loop_rw_iter,fs,fs
342,INFO: task hung in blkdev_issue_flush,https://syzkaller.appspot.com/bug?extid=e7624af9c1ef3b617512,blkdev_issue_flush,block,block
343,KASAN: use-after-free Write in tcindex_set_parms,https://syzkaller.appspot.com/bug?extid=e5db00b3987d59130da5,tcindex_set_parms,net/sched,net
344,WARNING: bad unlock balance in ucma_event_handler,https://syzkaller.appspot.com/bug?extid=e5579222b6a3edd96522,ucma_event_handler,drivers/infiniband/core,drivers
345,KASAN: use-after-free Read in __hrtimer_run_queues,https://syzkaller.appspot.com/bug?extid=62c155c276e580cfb606,__hrtimer_run_queues,kernel/time,kernel
346,WARNING: bad unlock balance in ucma_destroy_id,https://syzkaller.appspot.com/bug?extid=4b628fcc748474003457,ucma_destroy_id,drivers/infiniband/core,drivers
347,KASAN: use-after-free Read in addr_handler,https://syzkaller.appspot.com/bug?extid=b358909d8d01556b790b,addr_handler,drivers/infiniband/core,drivers
348,KASAN: use-after-free Read in cma_cancel_operation,https://syzkaller.appspot.com/bug?extid=6956235342b7317ec564,cma_cancel_operation,drivers/infiniband/core,drivers
349,BUG: unable to handle kernel paging request in kernel_get_mempolicy,https://syzkaller.appspot.com/bug?extid=693dc11fcb53120b5559,kernel_get_mempolicy,mm,mm
350,KASAN: use-after-free Read in rdma_listen,https://syzkaller.appspot.com/bug?extid=adb15cf8c2798e4e0db4,rdma_listen,drivers/infiniband/core,drivers
351,KASAN: use-after-free Read in __list_del_entry_valid,https://syzkaller.appspot.com/bug?extid=29ee8f76017ce6cf03da,__list_del_entry_valid,lib,lib
352,general protection fault in rdma_listen,https://syzkaller.appspot.com/bug?extid=6b46b135602a3f3ac99e,rdma_listen,drivers/infiniband/core,drivers
353,BUG: corrupted list in rdma_listen,https://syzkaller.appspot.com/bug?extid=8458d13b13562abf6b77,rdma_listen,drivers/infiniband/core,drivers
354,BUG: unable to handle kernel paging request in ethnl_update_bitset32,https://syzkaller.appspot.com/bug?extid=7fd4ed5b4234ab1fdccd,ethnl_update_bitset32,net/ethtool,net
355,KASAN: slab-out-of-bounds Read in ethnl_update_bitset32,https://syzkaller.appspot.com/bug?extid=983cb8fb2d17a7af549d,ethnl_update_bitset32,net/ethtool,net
356,BUG: sleeping function called from invalid context in __kmalloc,https://syzkaller.appspot.com/bug?extid=98704a51af8e3d9425a9,__kmalloc,mm,mm
357,KASAN: use-after-free Read in ethnl_update_bitset32,https://syzkaller.appspot.com/bug?extid=709b7a64d57978247e44,ethnl_update_bitset32,net/ethtool,net
358,unregister_netdevice: waiting for DEV to become free,https://syzkaller.appspot.com/bug?id=0da157a412d1aceba532ae787bb14797f31031b6,HELP
359,BUG: corrupted list in __nf_tables_abort,https://syzkaller.appspot.com/bug?extid=437bf61d165c87bd40fb,__nf_tables_abort,net/netfilter,net
360,KASAN: slab-out-of-bounds Read in iov_iter_alignment,https://syzkaller.appspot.com/bug?extid=0d37f4d2070ce20b19a7,iov_iter_alignment,HELP
361,KASAN: use-after-free Read in __nf_tables_abort,https://syzkaller.appspot.com/bug?extid=29125d208b3dae9a7019,__nf_tables_abort,net/netfilter,net
362,KASAN: slab-out-of-bounds Write in setup_udp_tunnel_sock,https://syzkaller.appspot.com/bug?id=b53aed2f936728226c331a4dc0b4f89d742fda9c,setup_udp_tunnel_sock,net/ipv4,net
363,KASAN: slab-out-of-bounds Read in macvlan_broadcast,https://syzkaller.appspot.com/bug?id=877961ff30586d0889a6275302d0b487d1003010,macvlan_broadcast,HELP
364,KASAN: use-after-free Read in macvlan_broadcast,https://syzkaller.appspot.com/bug?id=373ce58a5e9ddec1b8ee55d9f7353db5b565cdc3,macvlan_broadcast,HELP
365,INFO: task hung in aead_recvmsg,https://syzkaller.appspot.com/bug?extid=56c7151cad94eec37c521f0e47d2eee53f9361c4,aead_recvmsg,crypto,crypto
366,KASAN: use-after-free Read in iov_iter_alignment,https://syzkaller.appspot.com/bug?extid=bea68382bae9490e7dd6,iov_iter_alignment,lib,lib
367,kernel BUG at fs/pipe.c:LINE!,https://syzkaller.appspot.com/bug?extid=d37abaade33a934f16f2,fs/pipe.c:LINE!,fs,fs
368,KASAN: use-after-free Read in slip_open,https://syzkaller.appspot.com/bug?extid=4d5170758f3762109542,slip_open,drivers/net/slip,drivers
369,general protection fault in kvm_coalesced_mmio_init,https://syzkaller.appspot.com/bug?extid=e27e7027eb2b80e44225,kvm_coalesced_mmio_init,/virt/kvm,
370,WARNING in smc_unhash_sk,https://syzkaller.appspot.com/bug?extid=8488cc4cf1c9e09b8b86,smc_unhash_sk,include/net,include
371,INFO: task hung in synchronize_rcu,https://syzkaller.appspot.com/bug?extid=89a8060879fa0bd2db4f,synchronize_rcu,HELP
372,memory leak in internal_dev_create,https://syzkaller.appspot.com/bug?extid=13210896153522fe1ee5,internal_dev_create,net/openvswitch,net
373,KASAN: use-after-free Read in io_uring_setup,https://syzkaller.appspot.com/bug?extid=6f03d895a6cd0d06187f,io_uring_setup,fs,fs
374,KASAN: use-after-free Read in __schedule,https://syzkaller.appspot.com/bug?extid=ceded3495a1d59f2d244,__schedule,kernel/sched,kernel
375,WARNING in request_end,https://syzkaller.appspot.com/bug?extid=ef054c4d3f64cd7f7cec,request_end,fs/fuse,fs
376,memory leak in gfs2_init_fs_context,https://syzkaller.appspot.com/bug?extid=c2fdfd2b783754878fb6,gfs2_init_fs_context,fs/gfs2,fs
377,general protection fault in bpf_tcp_close,https://syzkaller.appspot.com/bug?extid=339037020e772651f1d8,bpf_tcp_close,kernel/bpf,kernel
378,WARNING in __mark_chain_precision,https://syzkaller.appspot.com/bug?extid=c8d66267fd2b5955287e,__mark_chain_precision,kernel/bpf,kernel
379,WARNING: refcount bug in nr_insert_socket,https://syzkaller.appspot.com/bug?extid=ec1fd464d849d91c3665,nr_insert_socket,net/netrom,net
380,KASAN: slab-out-of-bounds Read in sock_hash_ctx_update_elem,https://syzkaller.appspot.com/bug?extid=4207b2e0c72d65cc775d,sock_hash_ctx_update_elem,kernel/bpf,kernel
381,general protection fault in tls_write_space,https://syzkaller.appspot.com/bug?extid=dcdc9deefaec44785f32,tls_write_space,HELP
382,KASAN: use-after-free Read in release_sock,https://syzkaller.appspot.com/bug?extid=107429d62fb1d293602f,release_sock,net/core,net
383,WARNING: held lock freed in nr_release,https://syzkaller.appspot.com/bug?extid=a34e5f3d0300163f0c87,nr_release,/net/netrom,
384,KASAN: use-after-free Read in nr_release,https://syzkaller.appspot.com/bug?extid=6eaef7158b19e3fec3a0,nr_release,net/netrom,net
385,WARNING: refcount bug in nr_rx_frame,https://syzkaller.appspot.com/bug?extid=622bdabb128acc33427d,nr_rx_frame,net/netrom,net
386,KASAN: use-after-free Read in nr_insert_socket,https://syzkaller.appspot.com/bug?extid=9399c158fcc09b21d0d2,nr_insert_socket,net/netrom,net
387,KASAN: use-after-free Read in nr_rx_frame,https://syzkaller.appspot.com/bug?extid=701728447042217b67c1,nr_rx_frame,net/netrom,net
388,KASAN: use-after-free Write in _free_event,https://syzkaller.appspot.com/bug?extid=a24c397a29ad22d86c98,_free_event,kernel/events,kernel
389,memory leak in policydb_read,https://syzkaller.appspot.com/bug?extid=fee3a14d4cdf92646287,policydb_read,/security/selinux/ss,
390,WARNING in io_uring_setup,https://syzkaller.appspot.com/bug?extid=cd714a07c6de2bc34293,io_uring_setup,include/linux,include
391,general protection fault in xfrmi_decode_session,https://syzkaller.appspot.com/bug?extid=b69368fd933c6c592f4c,xfrmi_decode_session,net/xfrm,net
392,general protection fault in sctp_assoc_rwnd_increase,https://syzkaller.appspot.com/bug?extid=85e0b422ff140b03672a,sctp_assoc_rwnd_increase,net/sctp,net
393,WARNING in lockdep_unregister_key,https://syzkaller.appspot.com/bug?extid=be0c198232f86389c3dd,lockdep_unregister_key,kernel/locking,kernel
394,general protection fault in ebitmap_destroy,https://syzkaller.appspot.com/bug?extid=a57b2aff60832666fc28,ebitmap_destroy,security/selinux/ss,security
395,KASAN: use-after-free Read in __smc_diag_dump,https://syzkaller.appspot.com/bug?extid=fbd1e5476e4c94c7b34e,__smc_diag_dump,net/smc,net
396,KASAN: use-after-free Read in kernel_accept,https://syzkaller.appspot.com/bug?extid=0bf2e01269f1274b4b03,kernel_accept,net,net
397,general protection fault in kernel_accept,https://syzkaller.appspot.com/bug?extid=e3132895630f957306bc,kernel_accept,net,net
398,WARNING in tcp_send_loss_probe,https://syzkaller.appspot.com/bug?id=8085b1e4d9cad0267b0483df3f09c31c54df2bf4,tcp_send_loss_probe,net/ipv4,net
399,WARNING in userfaultfd_ioctl,https://syzkaller.appspot.com/bug?extid=06c7092e7d71218a2c16,userfaultfd_ioctl,fs,fs
400,KASAN: slab-out-of-bounds Read in sctp_getsockopt,https://syzkaller.appspot.com/bug?extid=5da0d0a72a9e7d791748,sctp_getsockopt,net/sctp,net
401,KASAN: stack-out-of-bounds Read in __schedule,https://syzkaller.appspot.com/bug?extid=45a34334c61a8ecf661d,__schedule,kernel/sched,kernel
402,WARNING: suspicious RCU usage in bpf_prog_array_copy_core,https://syzkaller.appspot.com/bug?extid=6e72317008eef84a216b,bpf_prog_array_copy_core,kernel/bpf,kernel
403,general protection fault in smc_tx_prepared_sends,https://syzkaller.appspot.com/bug?extid=5b2cece1a8ecb2ca77d8,smc_tx_prepared_sends,net/smc,net
404,general protection fault in __delayacct_blkio_end,https://syzkaller.appspot.com/bug?extid=aea12292cfdadf454c38,__delayacct_blkio_end,HELP
405,BUG: unable to handle kernel paging request in dput,https://syzkaller.appspot.com/bug?extid=4f39ae71208fef432d97,dput,fs,fs
406,BUG: unable to handle kernel NULL pointer dereference in ep_item_poll,https://syzkaller.appspot.com/bug?extid=57727883dbad76db2ef0,ep_item_poll,HELP
407,BUG: unable to handle kernel NULL pointer dereference in corrupted,https://syzkaller.appspot.com/bug?extid=f5066e369b2d5fff630f,corrupted,HELP
408,BUG: unable to handle kernel NULL pointer dereference in do_sys_poll,https://syzkaller.appspot.com/bug?extid=2c7e8f74f8b2571c87e8,do_sys_poll,fs,fs
409,KASAN: use-after-free Read in remove_wait_queue,https://syzkaller.appspot.com/bug?extid=16363c99d4134717c05b,remove_wait_queue,kernel/sched,kernel
410,KASAN: slab-out-of-bounds Read in clusterip_tg_check,https://syzkaller.appspot.com/bug?extid=7afeeb8e62e4716de370,clusterip_tg_check,net/ipv4/netfilter,net
411,BUG: workqueue lockup,https://syzkaller.appspot.com/bug?extid=e38be687a2450270a3b593bacb6b5795a7a74edb,HELP
412,kernel BUG at fs/ext4/extents.c:LINE!,https://syzkaller.appspot.com/bug?extid=06c885be0edcdaeab40c,fs/ext4/extents.c:LINE!,fs/ext4,fs
413,general protection fault in binder_poll,https://syzkaller.appspot.com/bug?extid=d9d0c0e13eca79eb9ddb8d7e67aba5c63acc83a4,binder_poll,drivers/android,drivers
