https://syzkaller.appspot.com/bug?extid=dc308fcfcd53f987de73,none,
https://syzkaller.appspot.com/bug?extid=af9492708df9797198d6,none,
https://syzkaller.appspot.com/bug?extid=75af45a00cf13243ba39,none,
https://syzkaller.appspot.com/bug?extid=0ae4804973be759fa420,error,,incorrect,bisection is taking too long (>8h0m0s), aborting
https://syzkaller.appspot.com/bug?extid=1bc2c2afd44f820a669f,error,,incorrect,commit aaa11ce2ffc84166d11c4d2ac88c3fcf75425fbd not reachable in branch 'master'
https://syzkaller.appspot.com/bug?extid=c1571e01da4f845b858f,none,
https://syzkaller.appspot.com/bug?extid=f311e026553fee3459a0,error,,incorrect,bisection is taking too long (>12h0m0s), aborting
https://syzkaller.appspot.com/bug?extid=1c04a1e4ae355870dc7a,good,2021-01-22,incorrect,
https://syzkaller.appspot.com/bug?extid=49056626fe41e01f2ba7,none,
https://syzkaller.appspot.com/bug?extid=34267210261c2cbba2da,none,
https://syzkaller.appspot.com/bug?extid=4b9597d9c853a4230301,error,,incorrect,bisection is taking too long (>12h0m0s), aborting
https://syzkaller.appspot.com/bug?extid=42a0dc856239de4de60e,none,
https://syzkaller.appspot.com/bug?extid=c298c9f0e46a3c86332b,good,2024-02-20,incorrect,
https://syzkaller.appspot.com/bug?extid=d4066896495db380182e,none,
https://syzkaller.appspot.com/bug?extid=2e22057de05b9f3b30d8,error,,incorrect,bisection is taking too long (>12h0m0s), aborting
https://syzkaller.appspot.com/bug?extid=21f93e66c95001d6f61a,error,,incorrect,bisection is taking too long (>12h0m0s), aborting
https://syzkaller.appspot.com/bug?extid=29b5ca705d2e0f4a44d2,none,
https://syzkaller.appspot.com/bug?extid=c4f4d25859c2e5859988,good,2022-04-05,incorrect,
https://syzkaller.appspot.com/bug?extid=7ea9413ea6749baf5574,none,
https://syzkaller.appspot.com/bug?id=282d1618210812b9e563dd688687df86a9fcfefa,none,
https://syzkaller.appspot.com/bug?extid=b6f07e1c07ef40199081,none,
https://syzkaller.appspot.com/bug?extid=628f63ef3b071e16463e,none,
https://syzkaller.appspot.com/bug?extid=2f4f478b78801c186d39,none,
https://syzkaller.appspot.com/bug?id=522c8b5b01fd97925adfa45154a5f56ab4fd6218,none,
https://syzkaller.appspot.com/bug?extid=0a3683a0a6fecf909244,none,
https://syzkaller.appspot.com/bug?extid=b07c8ac8eee3d4d8440f,none,
https://syzkaller.appspot.com/bug?extid=838346b979830606c854,none,
https://syzkaller.appspot.com/bug?extid=4b8077a5fccc61c385a1,none,
https://syzkaller.appspot.com/bug?extid=106a4f72b0474e1d1b33,none,
https://syzkaller.appspot.com/bug?extid=e5167d7144a62715044c,error,,incorrect,bisection is taking too long (>12h0m0s), aborting
https://syzkaller.appspot.com/bug?id=f951f664994b715781832e7cdb5e750a25ebba19,none,
https://syzkaller.appspot.com/bug?extid=900d58a45dcaab9e4821,none,
https://syzkaller.appspot.com/bug?extid=98c1a1753a0731df2dd4,none,
https://syzkaller.appspot.com/bug?id=33965bc983eb2f2b7897d86580995f82f74ceadf,good,2020-03-24,incorrect,
https://syzkaller.appspot.com/bug?extid=38b3aa8cd529958bd27a,none,
https://syzkaller.appspot.com/bug?extid=fa379358c28cc87cc307,good,2024-04-11,correct,
https://syzkaller.appspot.com/bug?id=a1f555065c04e89f06db42f87d926a717d02d04b,none,
https://syzkaller.appspot.com/bug?id=3c56e9d1ad2ab1b8e44cdc7e6cc8041e913e32d2,error,,incorrect,bisection is taking too long (>12h0m0s), aborting
https://syzkaller.appspot.com/bug?extid=ad1b592fc4483655438b,none,
https://syzkaller.appspot.com/bug?extid=9ee20ec1de7b3168db09,none,
https://syzkaller.appspot.com/bug?extid=7a3d75905ea1a830dbe5,good,2024-01-26,correct,
https://syzkaller.appspot.com/bug?extid=3acccbed6f1454bf337c,good,2024-02-25,correct,
https://syzkaller.appspot.com/bug?extid=1c1cf138518bf0c53d68,none,
https://syzkaller.appspot.com/bug?extid=5f29dc6a889fc42bd896,good,2020-03-15,incorrect,
https://syzkaller.appspot.com/bug?extid=b3851d693eb8edda5c7d,none,
https://syzkaller.appspot.com/bug?extid=148110ee7cf72f39f33e,none,
https://syzkaller.appspot.com/bug?extid=33f4297b5f927648741a,error,,incorrect,bisection is taking too long (>12h0m0s), aborting
https://syzkaller.appspot.com/bug?extid=3a841e887ad90c07541a,good,2023-02-02,incorrect,
https://syzkaller.appspot.com/bug?extid=8933e1c7c07fe8f2dcd3,none,
https://syzkaller.appspot.com/bug?extid=19df3985ca9ea18a8fdf,good,2024-02-28,correct,
https://syzkaller.appspot.com/bug?extid=0a26629966fddb6d4760,none,
https://syzkaller.appspot.com/bug?extid=3e603db0222a2db35117,none,
https://syzkaller.appspot.com/bug?extid=faf0acea764965b3e59e,none,
https://syzkaller.appspot.com/bug?extid=9ada62e1dc03fdc41982,none,
https://syzkaller.appspot.com/bug?id=ac671a95b784bff35b7167287b2fee946a0e8511,good,2024-02-28,correct,
https://syzkaller.appspot.com/bug?extid=9c0a93c676799fdf466c,none,
https://syzkaller.appspot.com/bug?id=82983bc28f0291f60cd54268fe0c6fbf65daa33d,none,
https://syzkaller.appspot.com/bug?extid=3ce5dea5b1539ff36769,none,
https://syzkaller.appspot.com/bug?extid=b91eb2ed18f599dd3c31,good,2024-02-27,correct,
https://syzkaller.appspot.com/bug?extid=18840ef96e57b83b7fea,none,
https://syzkaller.appspot.com/bug?extid=28748250ab47a8f04100,good,2024-02-14,incorrect,
https://syzkaller.appspot.com/bug?extid=763afad57075d3f862f2,good,2024-01-12,incorrect,
https://syzkaller.appspot.com/bug?extid=2ef3a8ce8e91b5a50098,none,
https://syzkaller.appspot.com/bug?extid=09b349b3066c2e0b1e96,none,
https://syzkaller.appspot.com/bug?extid=28c1a5a5b041a754b947,good,2024-02-28,correct,
https://syzkaller.appspot.com/bug?extid=d832e7bb0f8bf47217f1,none,
https://syzkaller.appspot.com/bug?extid=d4faee732755bba9838e,error,,incorrect,bisection is taking too long (>12h0m0s), aborting
https://syzkaller.appspot.com/bug?id=3921c6924295b5daf7752fc57e6411e274ee7abf,none,
https://syzkaller.appspot.com/bug?extid=cfed5b56649bddf80d6e,good,2019-01-09,incorrect,
https://syzkaller.appspot.com/bug?extid=7bc44a489f0ef0670bd5,none,
https://syzkaller.appspot.com/bug?id=0c13eb20d3026cfaa1632f4b45e4a0dd39bb990e,none,
https://syzkaller.appspot.com/bug?extid=fd7b34375c1c8ce29c93,good,2023-08-02,incorrect,
https://syzkaller.appspot.com/bug?extid=ecab4d36f920c3574bf9,good,2024-02-13,correct,
https://syzkaller.appspot.com/bug?extid=5c04210f7c7f897c1e7f,,,,unknown result
https://syzkaller.appspot.com/bug?extid=6bdfd184eac7709e5cc9,none,
https://syzkaller.appspot.com/bug?extid=ebe64cc5950868e77358,none,
https://syzkaller.appspot.com/bug?extid=fd404f6b03a58e8bc403,good,2024-01-08,correct,
https://syzkaller.appspot.com/bug?extid=dcd73ff9291e6d34b3ab,error,,incorrect,oldest tested release had kernel build, boot or test errors
https://syzkaller.appspot.com/bug?extid=f9db6ff27b9bfdcfeca0,good,2021-02-23,incorrect,
https://syzkaller.appspot.com/bug?id=0ba3ac2d2d625350966cb2285d0286c977fde566,none,
https://syzkaller.appspot.com/bug?extid=52bbc0ad036f6f0d4a25,good,2024-01-31,correct,
https://syzkaller.appspot.com/bug?extid=6b7c68d9c21e4ee4251b,none,
https://syzkaller.appspot.com/bug?id=9ae8b570f6056dcbfb813b6d7b895367c04ac442,none,
https://syzkaller.appspot.com/bug?extid=348331f63b034f89b622,error,,incorrect,bisection is taking too long (>8h0m0s), aborting
https://syzkaller.appspot.com/bug?extid=dd4779978217b1973180,good,2022-06-20,incorrect,
https://syzkaller.appspot.com/bug?extid=de4025c006ec68ac56fc,error,,incorrect,commit 715abedee4cd660ad390659aefa7482f05275bbd not reachable in branch 'master'
https://syzkaller.appspot.com/bug?extid=8bb053b5d63595ab47db,none,
https://syzkaller.appspot.com/bug?id=ebf763e427156c437f34f9a2f0cf4b22ab01f100,none,
https://syzkaller.appspot.com/bug?extid=bfde3bef047a81b8fde6,none,
https://syzkaller.appspot.com/bug?extid=c563a3c79927971f950f,none,
https://syzkaller.appspot.com/bug?id=966f99bfff864d327657f9e6d4697612c04e9da4,none,
https://syzkaller.appspot.com/bug?extid=be14ed7728594dc8bd42,none,
https://syzkaller.appspot.com/bug?extid=34ad5fab48f7bf510349,none,
https://syzkaller.appspot.com/bug?extid=4fa4a2d1f5a5ee06f006,good,2024-02-06,correct,
https://syzkaller.appspot.com/bug?extid=b5ad66046b913bc04c6f,none,
https://syzkaller.appspot.com/bug?extid=ee2ae68da3b22d04cd8d,none,
https://syzkaller.appspot.com/bug?extid=050eeedd6c285d8c42f2,good,2023-12-08,correct,
https://syzkaller.appspot.com/bug?extid=c74f40907a9c0479af10,multiple,2023-10-18,correct,
https://syzkaller.appspot.com/bug?extid=f93d183bc91522d90de9,good,2023-10-11,correct,
https://syzkaller.appspot.com/bug?extid=f9484b345f41843fc9a9,error,,incorrect,the crash wasn't reproduced on the original commit
https://syzkaller.appspot.com/bug?id=104330681e649191287203cf8ccf7489d0f082da,none,
https://syzkaller.appspot.com/bug?id=3d557a5baf180619dcb3410b72ed942a9e8f2258,none,
https://syzkaller.appspot.com/bug?extid=bbe84a4010eeea00982d,error,,incorrect,bisection is taking too long (>12h0m0s), aborting
https://syzkaller.appspot.com/bug?extid=8b23309d5788a79d3eea,good,2023-12-07,incorrect,
https://syzkaller.appspot.com/bug?extid=03fd9b3f71641f0ebf2d,error,,incorrect,bisection is taking too long (>12h0m0s), aborting
https://syzkaller.appspot.com/bug?extid=8f477ac014ff5b32d81f,good,2023-12-27,correct,
https://syzkaller.appspot.com/bug?extid=5a01c3a666e726bc8752,good,2023-06-21,correct,
https://syzkaller.appspot.com/bug?extid=f2977222e0e95cec15c8,good,2023-06-08,correct,
https://syzkaller.appspot.com/bug?extid=011e4ea1da6692cf881c,,,,unknown result
https://syzkaller.appspot.com/bug?extid=d81bcd883824180500c8,good,2023-12-05,incorrect,
https://syzkaller.appspot.com/bug?extid=da0fc229cc1ff4bb2e6d,good,2018-08-28,correct,
https://syzkaller.appspot.com/bug?extid=81227d2bd69e9dedb802,multiple,2023-10-18,correct,
https://syzkaller.appspot.com/bug?id=48be0c7d808d342eadac3b515f2353c4e7bae26c,none,
https://syzkaller.appspot.com/bug?extid=c52ab18308964d248092,error,,incorrect,bisection is taking too long (>12h0m0s), aborting
https://syzkaller.appspot.com/bug?extid=1e0ed05798af62917464,none,
https://syzkaller.appspot.com/bug?extid=a5e651ca75fa0260acd5,good,2023-12-27,correct,
https://syzkaller.appspot.com/bug?extid=3b6e67ac2b646da57862,good,2023-11-06,incorrect,
https://syzkaller.appspot.com/bug?extid=7f4d0ea3df4d4fa9a65f,none,
https://syzkaller.appspot.com/bug?id=c8ba9c61f0685028ec6cb84d0b6185133a57384d,error,,incorrect,bisection is taking too long (>12h0m0s), aborting
https://syzkaller.appspot.com/bug?id=10c9999a8947bf92b44fdd36c80891779678852f,good,2021-02-02,incorrect,
https://syzkaller.appspot.com/bug?extid=e0b615318f8fcfc01ceb,good,2023-10-12,correct,
https://syzkaller.appspot.com/bug?extid=94bbb75204a05da3d89f,good,2023-12-12,correct,
https://syzkaller.appspot.com/bug?extid=62d7eef57b09bfebcd84,good,2022-08-25,correct,
https://syzkaller.appspot.com/bug?extid=c71bc336c5061153b502,good,2023-10-13,correct,
https://syzkaller.appspot.com/bug?extid=a67fc5321ffb4b311c98,good,2023-05-23,correct,
https://syzkaller.appspot.com/bug?extid=e8030702aefd3444fb9e,good,2023-11-30,correct,
https://syzkaller.appspot.com/bug?extid=6ada951e7c0f7bc8a71e,good,2023-10-18,correct,
https://syzkaller.appspot.com/bug?extid=40d43509a099ea756317,good,2023-08-29,incorrect,
https://syzkaller.appspot.com/bug?extid=e94c5aaf7890901ebf9b,multiple,2023-10-18,correct,
https://syzkaller.appspot.com/bug?id=a76943e0f39ec6385be32b6c4f66a62f7f01ce01,good,2019-12-08,incorrect,
https://syzkaller.appspot.com/bug?extid=7ca4b2719dc742b8d0a4,good,2023-10-18,correct,
https://syzkaller.appspot.com/bug?extid=26eedf3631650972f17c,none,
https://syzkaller.appspot.com/bug?extid=4fad2e57beb6397ab2fc,none,
https://syzkaller.appspot.com/bug?extid=fcc47ba2476570cbbeb0,good,2023-09-22,correct,
https://syzkaller.appspot.com/bug?id=4b44a54ec1549ca9274715d46562bd9da3a43e65,error,,incorrect,bisection is taking too long (>12h0m0s), aborting
https://syzkaller.appspot.com/bug?extid=4d81015bc10889fd12ea,good,2023-10-12,correct,
https://syzkaller.appspot.com/bug?extid=8a78ecea7ac1a2ea26e5,good,2023-10-15,correct,
https://syzkaller.appspot.com/bug?extid=12e098239d20385264d3,,,,unknown result
https://syzkaller.appspot.com/bug?extid=d3ddc6dcc6386dea398b,none,
https://syzkaller.appspot.com/bug?extid=47479b71cdfc78f56d30,good,2023-10-31,correct,
https://syzkaller.appspot.com/bug?extid=d31adfb277377ef8fcba,good,2023-07-27,correct,
https://syzkaller.appspot.com/bug?extid=8608bb4553edb8c78f41,good,2023-10-31,correct,
https://syzkaller.appspot.com/bug?extid=d9536adc269404a984f8,good,2019-07-09,incorrect,
https://syzkaller.appspot.com/bug?id=31696c368c37781bba68b3ea0f9041b5acd4d400,good,2023-10-27,correct,
https://syzkaller.appspot.com/bug?id=5270676317f74d30265abb76b7ca58b5608ca545,good,2023-08-15,incorrect,
https://syzkaller.appspot.com/bug?id=e4b275515655e20e17e6fa68330b6656bf5588d4,none,
https://syzkaller.appspot.com/bug?extid=9fcea5ef6dc4dc72d334,good,2021-08-13,incorrect,
https://syzkaller.appspot.com/bug?extid=66e3ea42c4b176748b9c,good,2020-05-21,correct,
https://syzkaller.appspot.com/bug?extid=2208f82282740c1c8915,good,2023-08-12,correct,
https://syzkaller.appspot.com/bug?extid=c74c24b43c9ae534f0e0,none,
https://syzkaller.appspot.com/bug?extid=c063a4e176681d2e0380,good,2023-08-22,correct,
https://syzkaller.appspot.com/bug?extid=c90849c50ed209d77689,good,2023-09-20,correct,
https://syzkaller.appspot.com/bug?extid=4a08ffdf3667b36650a1,good,2023-08-15,incorrect,
https://syzkaller.appspot.com/bug?extid=307da6ca5cb0d01d581a,good,2023-06-26,correct,
https://syzkaller.appspot.com/bug?extid=53ce40c8c0322c06aea5,good,2023-07-03,correct,
https://syzkaller.appspot.com/bug?extid=bbc59256015533127d80,good,2023-08-22,correct,
https://syzkaller.appspot.com/bug?extid=bf7e6250c7ce248f3ec9,none,
https://syzkaller.appspot.com/bug?extid=9425c47dccbcb4c17d51,none,
https://syzkaller.appspot.com/bug?extid=6f98de741f7dbbfc4ccb,none,
https://syzkaller.appspot.com/bug?extid=0c8ce1da0ac31abbadcd,none,
https://syzkaller.appspot.com/bug?extid=c99d835ff081ca30f986,good,2022-12-12,correct,
https://syzkaller.appspot.com/bug?extid=62cbf263225ae13ff153,good,2023-06-28,incorrect,
https://syzkaller.appspot.com/bug?extid=df3f3ef31f60781fa911,good,2023-10-15,correct,
https://syzkaller.appspot.com/bug?extid=bdfb03b1ec8b342c12cb,good,2023-08-22,correct,
https://syzkaller.appspot.com/bug?extid=509238e523e032442b80,good,2023-09-18,correct,
https://syzkaller.appspot.com/bug?extid=b8bf7edf9f83071ea0a9,good,2023-08-22,correct,
https://syzkaller.appspot.com/bug?extid=55cc72f8cc3a549119df,good,2023-08-24,incorrect,
https://syzkaller.appspot.com/bug?extid=efc45d4e7ba6ab4ef1eb,good,2023-01-03,correct,
https://syzkaller.appspot.com/bug?extid=410a8e33c6a740b40d51,good,2023-09-01,incorrect,
https://syzkaller.appspot.com/bug?extid=01cdbc31e9c0ae9b33ac,good,2022-12-12,correct,
https://syzkaller.appspot.com/bug?extid=5138ca807af9d2b42574,none,
https://syzkaller.appspot.com/bug?extid=c1d0a03d305972dbbe14,error,,incorrect,bisection is taking too long (>8h0m0s), aborting
https://syzkaller.appspot.com/bug?extid=c715e1bd8dfbcb1ab176,good,2023-06-05,incorrect,
https://syzkaller.appspot.com/bug?extid=291100dcb32190ec02a8,good,2023-04-11,incorrect,
https://syzkaller.appspot.com/bug?extid=bf66ad948981797d2f1d,error,,incorrect,bisection is taking too long (>12h0m0s), aborting
https://syzkaller.appspot.com/bug?extid=7f10c1653e35933c0f1e,none,
https://syzkaller.appspot.com/bug?extid=2c97a98a5ba9ea9c23bd,none,
https://syzkaller.appspot.com/bug?extid=0839b78e119aae1fec78,good,2021-01-29,incorrect,
https://syzkaller.appspot.com/bug?extid=71e724675ba3958edb31,good,2023-09-13,correct,
https://syzkaller.appspot.com/bug?extid=bc79f8d1898960d41073,good,2023-08-10,incorrect,
https://syzkaller.appspot.com/bug?extid=2751da923b5eb8307b0b,good,2023-09-07,correct,
https://syzkaller.appspot.com/bug?id=82f85bc8bd5176e0a66462b807e9bb79904fb979,none,
https://syzkaller.appspot.com/bug?id=3074d5b1905fbcf81d8bc785e43be11641129cf9,none,
https://syzkaller.appspot.com/bug?extid=9b82859567f2e50c123e,none,
https://syzkaller.appspot.com/bug?extid=e46fbd5289363464bc13,good,2020-01-23,correct,
https://syzkaller.appspot.com/bug?extid=662f783a5cdf3add2719,good,2023-08-09,correct,
https://syzkaller.appspot.com/bug?extid=216e2ea6e0bf4a0acdd7,good,2023-08-24,correct,
https://syzkaller.appspot.com/bug?extid=18996170f8096c6174d0,error,,incorrect,oldest tested release had kernel build, boot or test errors
https://syzkaller.appspot.com/bug?extid=601018296973a481f302,good,2023-01-31,correct,
https://syzkaller.appspot.com/bug?extid=d810d3cd45ed1848c3f7,good,2023-08-09,correct,
https://syzkaller.appspot.com/bug?id=c8dd3b254fe77feaac61c01bd1de7e1b9a876703,good,2023-07-08,incorrect,
https://syzkaller.appspot.com/bug?extid=cba21d50095623218389,none,
https://syzkaller.appspot.com/bug?extid=7574ebfe589049630608,good,2023-03-31,incorrect,
https://syzkaller.appspot.com/bug?extid=822d1359297e2694f873,good,2022-02-28,correct,
https://syzkaller.appspot.com/bug?extid=74db8b3087f293d3a13a,good,2023-05-06,incorrect,
https://syzkaller.appspot.com/bug?extid=cdfcae656bac88ba0e2d,good,2023-05-06,incorrect,
https://syzkaller.appspot.com/bug?id=91c0931c12fc7b4d3cfbbb5e96b3aa15ffa35117,none,
https://syzkaller.appspot.com/bug?extid=4b4f06495414e92701d5,good,2023-08-09,correct,
https://syzkaller.appspot.com/bug?extid=5b64180f8d9e39d3f061,good,2023-08-21,correct,
https://syzkaller.appspot.com/bug?extid=1ad12d16afca0e7d2dde,error,,incorrect,bisection is taking too long (>12h0m0s), aborting
https://syzkaller.appspot.com/bug?extid=f527b971b4bdc8e79f9e,good,2023-05-23,correct,
https://syzkaller.appspot.com/bug?extid=278098b0faaf0595072b,good,2021-09-05,incorrect,
https://syzkaller.appspot.com/bug?extid=9e4e94a2689427009d35,error,,incorrect,bisection is taking too long (>12h0m0s), aborting
https://syzkaller.appspot.com/bug?extid=4a9f9820bd8d302e22f7,none,
https://syzkaller.appspot.com/bug?extid=5ba06978f34abb058571,good,2023-08-15,incorrect,
https://syzkaller.appspot.com/bug?extid=1741a5d9b79989c10bdc,error,,incorrect,commit 123212f53f3e394c1ae69a58c05dfdda56fec8c6 not reachable in branch 'master'
https://syzkaller.appspot.com/bug?extid=893c55305230e719a203,good,2022-07-01,incorrect,
https://syzkaller.appspot.com/bug?extid=f817490f5bd20541b90a,error,,incorrect,bisection is taking too long (>8h0m0s), aborting
https://syzkaller.appspot.com/bug?extid=5050ad0fb47527b1808a,error,,incorrect,bisection is taking too long (>12h0m0s), aborting
https://syzkaller.appspot.com/bug?extid=609e63261638ff3d5436,error,,incorrect,bisection is taking too long (>12h0m0s), aborting
https://syzkaller.appspot.com/bug?extid=70b97abe3e253d1c3f8e,good,2023-06-25,incorrect,
https://syzkaller.appspot.com/bug?extid=ada42aab05cf51b00e98,good,2023-06-19,correct,
https://syzkaller.appspot.com/bug?extid=ae97a827ae1c3336bbb4,good,2023-06-19,correct,
https://syzkaller.appspot.com/bug?extid=9bbbacfbf1e04d5221f7,none,
https://syzkaller.appspot.com/bug?extid=629c4f1a4cefe03f8985,good,2023-08-21,correct,
https://syzkaller.appspot.com/bug?extid=27b0b464864741b18b99,good,2023-02-08,correct,
https://syzkaller.appspot.com/bug?extid=cf54c1da6574b6c1b049,good,2023-08-15,incorrect,
https://syzkaller.appspot.com/bug?extid=b202b7208664142954fa,good,2023-07-19,correct,
https://syzkaller.appspot.com/bug?extid=cf8e7fa4eeec59b3d485,none,
https://syzkaller.appspot.com/bug?extid=e5600587fa9cbf8e3826,good,2023-06-30,correct,
https://syzkaller.appspot.com/bug?extid=5b82f0e951f8c2bcdb8f,good,2023-06-19,correct,
https://syzkaller.appspot.com/bug?extid=cf71097ffb6755df8251,none,
https://syzkaller.appspot.com/bug?extid=5f088f29593e6b4c8db8,error,,incorrect,bisection is taking too long (>8h0m0s), aborting
https://syzkaller.appspot.com/bug?extid=b53a9c0d1ea4ad62da8b,error,,incorrect,bisection is taking too long (>8h0m0s), aborting
https://syzkaller.appspot.com/bug?extid=b68fbebe56d8362907e8,none,
https://syzkaller.appspot.com/bug?extid=2ab700fe1829880a2ec6,good,2022-10-25,incorrect,
https://syzkaller.appspot.com/bug?extid=eba589d8f49c73d356da,error,,incorrect,the crash wasn't reproduced on the original commit
https://syzkaller.appspot.com/bug?extid=c4614eae20a166c25bf0,good,2022-01-03,correct,
https://syzkaller.appspot.com/bug?extid=87c490fd2be656269b6a,none,
https://syzkaller.appspot.com/bug?extid=743547b2a7fd655ffb6d,good,2020-05-12,incorrect,
https://syzkaller.appspot.com/bug?extid=ee90502d5c8fd1d0dd93,good,2023-04-17,incorrect,
https://syzkaller.appspot.com/bug?extid=a694851c6ab28cbcfb9c,error,,incorrect,commit 715abedee4cd660ad390659aefa7482f05275bbd not reachable in branch 'master'
https://syzkaller.appspot.com/bug?extid=160a7250e255d25725eb,,,,unknown result
https://syzkaller.appspot.com/bug?extid=04afcb3d2c840447559a,error,,incorrect,bisection is taking too long (>12h0m0s), aborting
https://syzkaller.appspot.com/bug?extid=07bb74aeafc88ba7d5b4,good,2019-09-04,correct,
https://syzkaller.appspot.com/bug?id=d9a90022920afc2ae913e9a5fb613f6b9298c4f8,none,
https://syzkaller.appspot.com/bug?extid=33494cd0df2ec2931851,error,,incorrect,bisection is taking too long (>12h0m0s), aborting
https://syzkaller.appspot.com/bug?extid=b8d61a58b7c7ebd2c8e0,good,2023-04-18,correct,
https://syzkaller.appspot.com/bug?extid=8785e41224a3afd04321,error,,incorrect,bisection is taking too long (>8h0m0s), aborting
https://syzkaller.appspot.com/bug?extid=b825d87fe2d043e3e652,good,2022-04-05,incorrect,
https://syzkaller.appspot.com/bug?extid=131cd4c6d21724b99a26,error,,incorrect,bisection is taking too long (>8h0m0s), aborting
https://syzkaller.appspot.com/bug?extid=644848628d5e12d5438c,,,,unknown result
https://syzkaller.appspot.com/bug?extid=e7afd76ad060fa0d2605,none,
https://syzkaller.appspot.com/bug?extid=c103d3808a0de5faaf80,good,2023-04-12,correct,
https://syzkaller.appspot.com/bug?extid=bbb353775d51424087f2,good,2023-04-17,incorrect,
https://syzkaller.appspot.com/bug?extid=8bb72f86fc823817bc5d,error,,incorrect,the crash wasn't reproduced on the original commit
https://syzkaller.appspot.com/bug?extid=fcf1a817ceb50935ce99,error,,incorrect,bisection is taking too long (>8h0m0s), aborting
https://syzkaller.appspot.com/bug?extid=904ce6fbb38532d9795c,none,
https://syzkaller.appspot.com/bug?extid=2a0e7abd24f1eb90ce25,error,,incorrect,bisection is taking too long (>8h0m0s), aborting
https://syzkaller.appspot.com/bug?id=fe36c362e30b849dad0ab99e2d1f09b82fc72883,none,
https://syzkaller.appspot.com/bug?extid=8d95422d3537159ca390,error,,incorrect,failed to run ["git" "fetch" "--force" "5c96e23a32a280262291fe5d31d8f7dc6f666b47" "master"]: exit status 128
https://syzkaller.appspot.com/bug?extid=5e70d01ee8985ae62a3b,,,,unknown result
https://syzkaller.appspot.com/bug?extid=9d16c39efb5fade84574,good,2023-02-25,correct,
https://syzkaller.appspot.com/bug?extid=c39682e86c9d84152f93,error,,incorrect,bisection is taking too long (>8h0m0s), aborting
https://syzkaller.appspot.com/bug?extid=8ac3859139c685c4f597,error,,incorrect,bisection is taking too long (>8h0m0s), aborting
https://syzkaller.appspot.com/bug?extid=b9564ba6e8e00694511b,error,,incorrect,commit 4fafd96910add124586b549ad005dcd179de8a18 not reachable in branch 'master'
https://syzkaller.appspot.com/bug?extid=bd85b31816913a32e473,error,,incorrect,bisection is taking too long (>8h0m0s), aborting
https://syzkaller.appspot.com/bug?extid=48011b86c8ea329af1b9,good,2023-04-05,correct,
https://syzkaller.appspot.com/bug?extid=bed15dbf10294aa4f2ae,none,
https://syzkaller.appspot.com/bug?extid=befff0a9536049e7902e,good,2023-01-16,correct,
https://syzkaller.appspot.com/bug?extid=bf4bb7731ef73b83a3b4,error,,incorrect,bisection is taking too long (>8h0m0s), aborting
https://syzkaller.appspot.com/bug?extid=3d2eaacbc2b94537c6c5,error,,incorrect,the crash wasn't reproduced on the original commit
https://syzkaller.appspot.com/bug?extid=7e1e1bdb852961150198,error,,incorrect,bisection is taking too long (>8h0m0s), aborting
https://syzkaller.appspot.com/bug?extid=b563d33852b893653a9e,good,2022-03-22,incorrect,
https://syzkaller.appspot.com/bug?id=c203af981f0f7cc27debda75f35d852546cc6013,good,2022-06-06,incorrect,
https://syzkaller.appspot.com/bug?extid=a8f26a403c169b7593fe,error,,incorrect,bisection is taking too long (>8h0m0s), aborting
https://syzkaller.appspot.com/bug?extid=ee1cd780f69483a8616b,good,2021-07-01,incorrect,
https://syzkaller.appspot.com/bug?extid=823000d23b3400619f7c,good,2022-05-12,correct,
https://syzkaller.appspot.com/bug?id=b724247f95c68e1c380e6b9c48311e07ac1741fd,good,2023-02-07,correct,
https://syzkaller.appspot.com/bug?extid=d882d57193079e379309,error,,incorrect,bisection is taking too long (>8h0m0s), aborting
https://syzkaller.appspot.com/bug?extid=aafb3f37cfeb6534c4ac,error,,incorrect,bisection is taking too long (>8h0m0s), aborting
https://syzkaller.appspot.com/bug?id=a1bb30c947f48f416c7d2ebfeee72fd7a692020a,none,
https://syzkaller.appspot.com/bug?extid=e9632e3eb038d93d6bc6,none,
https://syzkaller.appspot.com/bug?extid=f61594de72d6705aea03,error,,incorrect,bisection is taking too long (>8h0m0s), aborting
https://syzkaller.appspot.com/bug?extid=a7492efaa5d61b51db23,error,,incorrect,bisection is taking too long (>8h0m0s), aborting
https://syzkaller.appspot.com/bug?extid=07a218429c8d19b1fb25,error,,incorrect,bisection is taking too long (>8h0m0s), aborting
https://syzkaller.appspot.com/bug?extid=a7c1ec5b1d71ceaa5186,error,,incorrect,bisection is taking too long (>8h0m0s), aborting
https://syzkaller.appspot.com/bug?extid=2bcc0d79e548c4f62a59,good,2023-02-10,incorrect,
https://syzkaller.appspot.com/bug?extid=645a4616b87a2f10e398,none,
https://syzkaller.appspot.com/bug?extid=1e608ba4217c96d1952f,error,,incorrect,commit 435bf71af3a0aa8067f3b87ff9febf68b564dbb6 not reachable in branch 'master'
https://syzkaller.appspot.com/bug?id=794c12e24c5bca1161d1b0ebf431c8017d817f5d,error,,incorrect,bisection is taking too long (>8h0m0s), aborting
https://syzkaller.appspot.com/bug?extid=7699d9e5635c10253a27,none,
https://syzkaller.appspot.com/bug?id=6bf42326e0930f0a844a1d53256c0fb15423dda1,error,,incorrect,bisection is taking too long (>8h0m0s), aborting
https://syzkaller.appspot.com/bug?extid=223c7461c58c58a4cb10,none,
https://syzkaller.appspot.com/bug?extid=2ee18845e89ae76342c5,error,,incorrect,bisection is taking too long (>8h0m0s), aborting
https://syzkaller.appspot.com/bug?extid=df64c0a2e8d68e78a4fa,none,
https://syzkaller.appspot.com/bug?extid=3af17071816b61e807ed,good,2023-01-19,correct,
https://syzkaller.appspot.com/bug?extid=b9ba793adebb63e56dba,error,,incorrect,bisection is taking too long (>8h0m0s), aborting
https://syzkaller.appspot.com/bug?id=5d5821ad053bbbd4a11174989f2bf9d111873c52,none,
https://syzkaller.appspot.com/bug?extid=55cc59267340fad29512,good,2023-01-02,correct,
https://syzkaller.appspot.com/bug?extid=0adf31ecbba886ab504f,good,2022-06-29,incorrect,
https://syzkaller.appspot.com/bug?extid=d43608d061e8847ec9f3,error,,incorrect,bisection is taking too long (>8h0m0s), aborting
https://syzkaller.appspot.com/bug?extid=7edb85bc97be9f350d90,,,,unknown result
https://syzkaller.appspot.com/bug?extid=b3ba2408ce0c74bb9230,good,2023-01-02,correct,
https://syzkaller.appspot.com/bug?extid=6692c72009680f7c4eb2,none,
https://syzkaller.appspot.com/bug?id=3e9b62ff331dcc3a6c28c41207f3b9911828a46b,none,
https://syzkaller.appspot.com/bug?extid=9dfc3f3348729cc82277,error,,incorrect,failed to run ["git" "fetch" "--force" "17ea04619614dbc19af5319a14e2d91163abd37e" "master"]: exit status 128
https://syzkaller.appspot.com/bug?extid=555908813b2ea35dae9a,error,,incorrect,bisection is taking too long (>8h0m0s), aborting
https://syzkaller.appspot.com/bug?extid=baabf3efa7c1e57d28b2,error,,incorrect,bisection is taking too long (>8h0m0s), aborting
https://syzkaller.appspot.com/bug?extid=47c24ca20a2fa01f082e,error,,incorrect,bisection is taking too long (>8h0m0s), aborting
https://syzkaller.appspot.com/bug?extid=51177e4144d764827c45,error,,incorrect,bisection is taking too long (>8h0m0s), aborting
https://syzkaller.appspot.com/bug?extid=d79e205d463e603f47ff,error,,incorrect,bisection is taking too long (>8h0m0s), aborting
https://syzkaller.appspot.com/bug?extid=75cc0f9f7e6324dd2501,error,,incorrect,the crash wasn't reproduced on the original commit
https://syzkaller.appspot.com/bug?id=0e93739cdd4799ad72795c612cca7658e7607e7f,error,,incorrect,bisection is taking too long (>8h0m0s), aborting
https://syzkaller.appspot.com/bug?extid=e008dccab31bd3647609,none,
https://syzkaller.appspot.com/bug?extid=d56ec896af3637bdb7e4,none,
https://syzkaller.appspot.com/bug?extid=9c2811fd56591639ff5f,error,,incorrect,bisection is taking too long (>8h0m0s), aborting
https://syzkaller.appspot.com/bug?extid=abd2e0dafb481b621869,error,,incorrect,bisection is taking too long (>8h0m0s), aborting
https://syzkaller.appspot.com/bug?extid=2b9b4f0895be09a6dec3,good,2022-05-22,incorrect,
https://syzkaller.appspot.com/bug?extid=c8ae65286134dd1b800d,good,2021-08-12,incorrect,
https://syzkaller.appspot.com/bug?extid=4caeae4c7103813598ae,none,
https://syzkaller.appspot.com/bug?id=9afdd91cdda65ec7a69ff606cc3fa59d3525bad5,none,
https://syzkaller.appspot.com/bug?extid=3140b17cb44a7b174008,,,,unknown result
https://syzkaller.appspot.com/bug?id=98114a02eef27c6b35fe4aad71435f52d65d2057,good,2022-08-30,incorrect,
https://syzkaller.appspot.com/bug?extid=b9bd12fbed3485a3e51f,error,,incorrect,the crash wasn't reproduced on the original commit
https://syzkaller.appspot.com/bug?extid=4d0ae90a195b269f102d,none,
https://syzkaller.appspot.com/bug?id=7a7396ec307f1f5f3cbd671d69b763ff84ec0522,good,2021-02-23,incorrect,
https://syzkaller.appspot.com/bug?id=738e37fee508c33dd12a3693bc1790085ac07a50,good,2021-09-10,incorrect,
https://syzkaller.appspot.com/bug?extid=9b69b8d10ab4a7d88056,error,,incorrect,bisection is taking too long (>8h0m0s), aborting
https://syzkaller.appspot.com/bug?extid=1b27d7a2722eabc2c5d5,none,
https://syzkaller.appspot.com/bug?extid=47dd250f527cb7bebf24,good,2022-05-14,correct,
https://syzkaller.appspot.com/bug?extid=63bed493aebbf6872647,error,,incorrect,the crash wasn't reproduced on the original commit
https://syzkaller.appspot.com/bug?extid=3faecbfd845a895c04cb,error,,incorrect,bisection is taking too long (>8h0m0s), aborting
https://syzkaller.appspot.com/bug?extid=2698183e871d8a137f9d,good,2021-02-10,correct,
https://syzkaller.appspot.com/bug?extid=11210d36738191856de4,good,2021-07-13,incorrect,
https://syzkaller.appspot.com/bug?extid=a5df189917e79d5e59c9,good,2019-09-03,incorrect,
https://syzkaller.appspot.com/bug?extid=2067e764dbcd10721e2e,good,2020-05-13,correct,
https://syzkaller.appspot.com/bug?id=a486048b63065fd224f57b16d5a2fdece2b40eca,good,2021-03-09,correct,
https://syzkaller.appspot.com/bug?extid=b07d8440edb5f8988eea,good,2021-06-28,incorrect,
https://syzkaller.appspot.com/bug?id=793e08e191b6dc4a77bb79c0446431e4ae4ce9fc,good,2019-09-12,incorrect,
https://syzkaller.appspot.com/bug?extid=10f1194569953b72f1ae,none,
https://syzkaller.appspot.com/bug?extid=da4fe66aaadd3c2e2d1c,error,,incorrect,bisection is taking too long (>8h0m0s), aborting
https://syzkaller.appspot.com/bug?id=f581d34ea17ca03bef401731e62f1860f46573ae,good,2018-11-10,incorrect,
https://syzkaller.appspot.com/bug?id=c5499b672a7daf64fe25e2c2c934f2662aff76cf,,,,unknown result
https://syzkaller.appspot.com/bug?extid=97c5bd9cc81eca63d36e,good,2019-09-15,incorrect,
https://syzkaller.appspot.com/bug?id=ab4156bedc54c0bf4325fee7de90bf5f48da069c,good,2020-10-05,incorrect,
https://syzkaller.appspot.com/bug?id=9bedd6f83d26d46c0abacc34e468aca4e0484c28,good,2019-08-31,incorrect,
https://syzkaller.appspot.com/bug?id=7527ae92ab0b6495f037cfa703ac9dee9295c67c,good,2019-07-11,incorrect,
https://syzkaller.appspot.com/bug?extid=d4336c84ed0099fdbe47,error,,incorrect,bisection is taking too long (>8h0m0s), aborting
https://syzkaller.appspot.com/bug?extid=3ad9614a12f80994c32e,none,
https://syzkaller.appspot.com/bug?extid=1abbd16e49910f6bbe45,good,2020-01-29,incorrect,
https://syzkaller.appspot.com/bug?extid=e7624af9c1ef3b617512,good,2018-08-04,incorrect,
https://syzkaller.appspot.com/bug?extid=e5db00b3987d59130da5,good,2020-02-04,correct,
https://syzkaller.appspot.com/bug?extid=e5579222b6a3edd96522,,,,unknown result
https://syzkaller.appspot.com/bug?extid=62c155c276e580cfb606,good,2020-03-21,correct,
https://syzkaller.appspot.com/bug?extid=4b628fcc748474003457,good,2015-08-30,incorrect,
https://syzkaller.appspot.com/bug?extid=b358909d8d01556b790b,good,2018-10-02,incorrect,
https://syzkaller.appspot.com/bug?extid=6956235342b7317ec564,,,,unknown result
https://syzkaller.appspot.com/bug?extid=693dc11fcb53120b5559,good,2020-04-02,correct,
https://syzkaller.appspot.com/bug?extid=adb15cf8c2798e4e0db4,,,,unknown result
https://syzkaller.appspot.com/bug?extid=29ee8f76017ce6cf03da,,,,unknown result
https://syzkaller.appspot.com/bug?extid=6b46b135602a3f3ac99e,,,,unknown result
https://syzkaller.appspot.com/bug?extid=8458d13b13562abf6b77,none,
https://syzkaller.appspot.com/bug?extid=7fd4ed5b4234ab1fdccd,none,
https://syzkaller.appspot.com/bug?extid=983cb8fb2d17a7af549d,none,
https://syzkaller.appspot.com/bug?extid=98704a51af8e3d9425a9,good,2020-01-27,correct,
https://syzkaller.appspot.com/bug?extid=709b7a64d57978247e44,good,2019-12-27,incorrect,
https://syzkaller.appspot.com/bug?id=0da157a412d1aceba532ae787bb14797f31031b6,none,
https://syzkaller.appspot.com/bug?extid=437bf61d165c87bd40fb,good,2020-01-16,correct,
https://syzkaller.appspot.com/bug?extid=0d37f4d2070ce20b19a7,error,,incorrect,the crash wasn't reproduced on the original commit
https://syzkaller.appspot.com/bug?extid=29125d208b3dae9a7019,good,2020-01-16,correct,
https://syzkaller.appspot.com/bug?id=b53aed2f936728226c331a4dc0b4f89d742fda9c,good,2017-01-23,incorrect,
https://syzkaller.appspot.com/bug?id=877961ff30586d0889a6275302d0b487d1003010,,,,unknown result
https://syzkaller.appspot.com/bug?id=373ce58a5e9ddec1b8ee55d9f7353db5b565cdc3,,,,unknown result
https://syzkaller.appspot.com/bug?extid=56c7151cad94eec37c521f0e47d2eee53f9361c4,good,2016-12-07,incorrect,
https://syzkaller.appspot.com/bug?extid=bea68382bae9490e7dd6,error,,incorrect,the crash wasn't reproduced on the original commit
https://syzkaller.appspot.com/bug?extid=d37abaade33a934f16f2,good,2019-10-31,correct,
https://syzkaller.appspot.com/bug?extid=4d5170758f3762109542,multiple,2019-08-22,incorrect,
https://syzkaller.appspot.com/bug?extid=e27e7027eb2b80e44225,good,2019-10-25,correct,
https://syzkaller.appspot.com/bug?extid=8488cc4cf1c9e09b8b86,multiple,2019-04-11,incorrect,
https://syzkaller.appspot.com/bug?extid=89a8060879fa0bd2db4f,good,2019-10-25,correct,
https://syzkaller.appspot.com/bug?extid=13210896153522fe1ee5,none,
https://syzkaller.appspot.com/bug?extid=6f03d895a6cd0d06187f,error,,incorrect,the crash wasn't reproduced on the original commit
https://syzkaller.appspot.com/bug?extid=ceded3495a1d59f2d244,,,,parse failure
https://syzkaller.appspot.com/bug?extid=ef054c4d3f64cd7f7cec,good,2018-05-31,incorrect,
https://syzkaller.appspot.com/bug?extid=c2fdfd2b783754878fb6,none,
https://syzkaller.appspot.com/bug?extid=339037020e772651f1d8,,,,parse failure
https://syzkaller.appspot.com/bug?extid=c8d66267fd2b5955287e,good,2019-07-11,incorrect,
https://syzkaller.appspot.com/bug?extid=ec1fd464d849d91c3665,good,2019-07-01,correct,
https://syzkaller.appspot.com/bug?extid=4207b2e0c72d65cc775d,,,,parse failure
https://syzkaller.appspot.com/bug?extid=dcdc9deefaec44785f32,none,
https://syzkaller.appspot.com/bug?extid=107429d62fb1d293602f,good,2019-07-01,correct,
https://syzkaller.appspot.com/bug?extid=a34e5f3d0300163f0c87,good,2019-07-01,correct,
https://syzkaller.appspot.com/bug?extid=6eaef7158b19e3fec3a0,good,2019-07-01,correct,
https://syzkaller.appspot.com/bug?extid=622bdabb128acc33427d,good,2019-07-01,correct,
https://syzkaller.appspot.com/bug?extid=9399c158fcc09b21d0d2,good,2019-07-01,correct,
https://syzkaller.appspot.com/bug?extid=701728447042217b67c1,good,2019-07-01,correct,
https://syzkaller.appspot.com/bug?extid=a24c397a29ad22d86c98,none,
https://syzkaller.appspot.com/bug?extid=fee3a14d4cdf92646287,good,2018-01-13,incorrect,
https://syzkaller.appspot.com/bug?extid=cd714a07c6de2bc34293,good,2019-02-28,correct,
https://syzkaller.appspot.com/bug?extid=b69368fd933c6c592f4c,multiple,2019-02-05,incorrect,
https://syzkaller.appspot.com/bug?extid=85e0b422ff140b03672a,good,2019-03-08,correct,
https://syzkaller.appspot.com/bug?extid=be0c198232f86389c3dd,good,2019-03-09,correct,
https://syzkaller.appspot.com/bug?extid=a57b2aff60832666fc28,good,2019-03-12,correct,
https://syzkaller.appspot.com/bug?extid=fbd1e5476e4c94c7b34e,none,
https://syzkaller.appspot.com/bug?extid=0bf2e01269f1274b4b03,none,
https://syzkaller.appspot.com/bug?extid=e3132895630f957306bc,none,
https://syzkaller.appspot.com/bug?id=8085b1e4d9cad0267b0483df3f09c31c54df2bf4,none,
https://syzkaller.appspot.com/bug?extid=06c7092e7d71218a2c16,none,
https://syzkaller.appspot.com/bug?extid=5da0d0a72a9e7d791748,none,
https://syzkaller.appspot.com/bug?extid=45a34334c61a8ecf661d,none,
https://syzkaller.appspot.com/bug?extid=6e72317008eef84a216b,none,
https://syzkaller.appspot.com/bug?extid=5b2cece1a8ecb2ca77d8,none,
https://syzkaller.appspot.com/bug?extid=aea12292cfdadf454c38,none,
https://syzkaller.appspot.com/bug?extid=4f39ae71208fef432d97,none,
https://syzkaller.appspot.com/bug?extid=57727883dbad76db2ef0,none,
https://syzkaller.appspot.com/bug?extid=f5066e369b2d5fff630f,none,
https://syzkaller.appspot.com/bug?extid=2c7e8f74f8b2571c87e8,none,
https://syzkaller.appspot.com/bug?extid=16363c99d4134717c05b,none,
https://syzkaller.appspot.com/bug?extid=7afeeb8e62e4716de370,none,
https://syzkaller.appspot.com/bug?extid=e38be687a2450270a3b593bacb6b5795a7a74edb,none,
https://syzkaller.appspot.com/bug?extid=06c885be0edcdaeab40c,none,
https://syzkaller.appspot.com/bug?extid=d9d0c0e13eca79eb9ddb8d7e67aba5c63acc83a4,none,
