https://syzkaller.appspot.com/bug?id=2345206c40ade04680779ec3992a5d7efd78c710,WARNING in component_del,2022/01/16,https://git.kernel.org/pub/scm/linux/kernel/git/torvalds/linux.git/commit/?id\=c853685d11c09da35cb49bbf8f0c001abdc0d0a9,2022-02-11,https://syzkaller.appspot.com/text?tag=ReproSyz&x=15880d84700000,https://syzkaller.appspot.com/text?tag=KernelConfig&x=266de9da75c71a45,https://git.kernel.org/pub/scm/linux/kernel/git/torvalds/linux.git/log/?id=555f3d7be91a873114c9656069f1a9fa476ec41a,2022/02/08,https://git.kernel.org/pub/scm/linux/kernel/git/torvalds/linux.git/commit/?id\=8c67d06f3fd9639c44d8147483fb1c132d71388f,2021-12-30,amd64
https://syzkaller.appspot.com/bug?id=a18211c8bcd70bd3c46f75804e8840a8b21628f5,KASAN: slab-out-of-bounds Read in smc_fback_error_report,2022/02/05,https://git.kernel.org/pub/scm/linux/kernel/git/torvalds/linux.git/commit/?id\=0558226cebee256aa3f8ec0cc5a800a10bf120a6,2022-04-25,https://syzkaller.appspot.com/text?tag=ReproSyz&x=172150ee700000,https://syzkaller.appspot.com/text?tag=KernelConfig&x=542b2708133cc492,https://git.kernel.org/pub/scm/linux/kernel/git/torvalds/linux.git/log/?id=07ebd38a0da24d2534da57b4841346379db9f354,2022/03/05,https://git.kernel.org/pub/scm/linux/kernel/git/torvalds/linux.git/commit/?id\=341adeec9adad0874f29a0a1af35638207352a39,2022-01-31,amd64
https://syzkaller.appspot.com/bug?id=ac7db280d77ec300d7cdaa14625a32be584c8eec,BUG: MAX_LOCK_DEPTH too low! (3),2022/02/04,https://git.kernel.org/pub/scm/linux/kernel/git/torvalds/linux.git/commit/?id\=1de9770d121ee9294794cca0e0be8fbfa0134ee8,2022-02-11,https://syzkaller.appspot.com/text?tag=ReproSyz&x=166c902c700000,https://syzkaller.appspot.com/text?tag=KernelConfig&x=b4a89edfcc8f7c74,https://git.kernel.org/pub/scm/linux/kernel/git/torvalds/linux.git/log/?id=dcb85f85fa6f142aae1fe86f399d4503d49f2b60,2022/02/04,https://git.kernel.org/pub/scm/linux/kernel/git/torvalds/linux.git/commit/?id\=341adeec9adad0874f29a0a1af35638207352a39,2022-01-31,amd64
https://syzkaller.appspot.com/bug?id=f7c5a86e747f9b7ce333e7295875cd4ede2c7a0d,WARNING: kmalloc bug in xdp_umem_create (2),2021/11/05,https://git.kernel.org/pub/scm/linux/kernel/git/torvalds/linux.git/commit/?id\=0708a0afe291bdfe1386d74d5ec1f0c27e8b9168,2022-03-04,https://syzkaller.appspot.com/text?tag=ReproSyz&x=12e8be28700000,https://syzkaller.appspot.com/text?tag=KernelConfig&x=266de9da75c71a45,https://git.kernel.org/pub/scm/linux/kernel/git/torvalds/linux.git/log/?id=f4bc5bbb5fef3cf421ba3485d6d383c27ec473ed,2022/02/10,https://git.kernel.org/pub/scm/linux/kernel/git/torvalds/linux.git/commit/?id\=7661809d493b426e979f39ab512e3adf41fbcc69,2021-09-02,amd64
https://syzkaller.appspot.com/bug?id=be2b08aaa721ddbce8493e3afc5ba67ef39d0775,WARNING in vmx_queue_exception (2),2022/05/01,https://git.kernel.org/pub/scm/linux/kernel/git/torvalds/linux.git/commit/?id\=053d2290c0307e3642e75e0185ddadf084dc36c1,2022-05-06,https://syzkaller.appspot.com/text?tag=ReproSyz&x=1202b25af00000,https://syzkaller.appspot.com/text?tag=KernelConfig&x=d21a72f6016e37e8,https://git.kernel.org/pub/scm/linux/kernel/git/torvalds/linux.git/log/?id=57ae8a492116910bad2b3497ffe555b3a4b4180f,2022/05/01,https://git.kernel.org/pub/scm/linux/kernel/git/torvalds/linux.git/commit/?id\=fc4fad79fc3d8841562e2a85808079da5b4835f6,2022-01-19,amd64
https://syzkaller.appspot.com/bug?id=884fbebcbeb7193b713f187815d9b7bb95717985,KASAN: use-after-free Read in jbd2_journal_wait_updates,2022/01/28,https://git.kernel.org/pub/scm/linux/kernel/git/torvalds/linux.git/commit/?id\=cc16eecae687912238ee6efbff71ad31e2bc414e,2022-02-25,https://syzkaller.appspot.com/text?tag=ReproSyz&x=13b03872700000,https://syzkaller.appspot.com/text?tag=KernelConfig&x=88e0a6a3dbf057cf,https://git.kernel.org/pub/scm/linux/kernel/git/torvalds/linux.git/log/?id=555f3d7be91a873114c9656069f1a9fa476ec41a,2022/02/08,https://git.kernel.org/pub/scm/linux/kernel/git/torvalds/linux.git/commit/?id\=4f98186848707f530669238d90e0562d92a78aab,2022-02-03,amd64
https://syzkaller.appspot.com/bug?id=41e84e8dc2f9f56f9fad232638c31a27f491efd9,memory leak in kvm_vcpu_ioctl_set_cpuid2,2022/01/22,https://git.kernel.org/pub/scm/linux/kernel/git/torvalds/linux.git/commit/?id\=811f95ff95270e6048197821434d9301e3d7f07c,2022-01-26,https://syzkaller.appspot.com/text?tag=ReproSyz&x=1402f91fb00000,https://syzkaller.appspot.com/text?tag=KernelConfig&x=cc8d6c95ce1d56de,https://git.kernel.org/pub/scm/linux/kernel/git/torvalds/linux.git/log/?id=0809edbae347a224ca1b59fb8be1c2d54389c2c6,2022/01/22,https://git.kernel.org/pub/scm/linux/kernel/git/torvalds/linux.git/commit/?id\=c6617c61e8fe44b9e9fdfede921f61cac6b5149d,2022-01-17,amd64
https://syzkaller.appspot.com/bug?id=7a32cd0d4c48cc55062b10b16055b5b095ce614d,WARNING: suspicious RCU usage in bond_ethtool_get_ts_info,2022/05/11,https://git.kernel.org/pub/scm/linux/kernel/git/torvalds/linux.git/commit/?id\=9b80ccda233fa6c59de411bf889cc4d0e028f2c7,2022-05-19,https://syzkaller.appspot.com/text?tag=ReproSyz&x=1660fbfaf00000,https://syzkaller.appspot.com/text?tag=KernelConfig&x=79caa0035f59d385,https://git.kernel.org/pub/scm/linux/kernel/git/torvalds/linux.git/log/?id=feb9c5e19e913b53cb536a7aa7c9f20107bb51ec,2022/05/11,https://git.kernel.org/pub/scm/linux/kernel/git/torvalds/linux.git/commit/?id\=aa6034678e873db8bd5c5a4b73f8b88c469374d6,2022-01-24,amd64
https://syzkaller.appspot.com/bug?id=ea15ed20f874608f0b5e8f90c9d1cda69f1e34be,WARNING in inet_csk_get_port,2022/05/21,https://git.kernel.org/pub/scm/linux/kernel/git/torvalds/linux.git/commit/?id\=593d1ebe00a45af5cb7bda1235c0790987c2a2b2,2022-06-16,https://syzkaller.appspot.com/text?tag=ReproSyz&x=17385057f00000,https://syzkaller.appspot.com/text?tag=KernelConfig&x=e652a1bc921d8948,https://git.kernel.org/pub/scm/linux/kernel/git/torvalds/linux.git/log/?id=d1dc87763f406d4e67caf16dbe438a5647692395,2022/06/02,https://git.kernel.org/pub/scm/linux/kernel/git/torvalds/linux.git/commit/?id\=d5a42de8bdbe25081f07b801d8b35f4d75a791f4,2022-05-20,amd64
https://syzkaller.appspot.com/bug?id=95b0f82c40d4fd6caccede817617677702c8fb8c,general protection fault in sock_close,2020/08/27,https://git.kernel.org/pub/scm/linux/kernel/git/torvalds/linux.git/commit/?id\=77f4689de17c0887775bb77896f4cc11a39bf848,2020-09-02,https://syzkaller.appspot.com/text?tag=ReproSyz&x=127d3c99900000,https://syzkaller.appspot.com/text?tag=KernelConfig&x=891ca5711a9f1650,https://git.kernel.org/pub/scm/linux/kernel/git/torvalds/linux.git/log/?id=15bc20c6af4ceee97a1f90b43c0e386643c071b4,2020/08/27,https://git.kernel.org/pub/scm/linux/kernel/git/torvalds/linux.git/commit/?id\=a9ed4a6560b8562b7e2e2bed9527e88001f7b682,2020-08-22,amd64
https://syzkaller.appspot.com/bug?id=06d5afc914b125aee434673aa701617249a92eb6,general protection fault in xfrm_user_rcv_msg_compat,2020/12/30,https://git.kernel.org/pub/scm/linux/kernel/git/torvalds/linux.git/commit/?id\=4e9505064f58d1252805952f8547a5b7dbc5c111,2021-07-21,https://syzkaller.appspot.com/text?tag=ReproSyz&x=167c1832d00000,https://syzkaller.appspot.com/text?tag=KernelConfig&x=7a875029a795d230,https://git.kernel.org/pub/scm/linux/kernel/git/torvalds/linux.git/log/?id=a99163e9e708d5d773b7de6da952fcddc341f977,2021/02/23,https://git.kernel.org/pub/scm/linux/kernel/git/torvalds/linux.git/commit/?id\=5106f4a8acff480e244300bc5097c0ad7048c3a2,2020-09-24,i386
https://syzkaller.appspot.com/bug?id=84a84986217d4bbd2e05ff9915a559c5285ada45,possible deadlock in scheduler_tick,2021/03/20,https://git.kernel.org/pub/scm/linux/kernel/git/torvalds/linux.git/commit/?id\=8228c77d8b56e3f735baf71fefb1b548c23691a7,2021-10-25,https://syzkaller.appspot.com/text?tag=ReproSyz&x=17d86ad6d00000,https://syzkaller.appspot.com/text?tag=KernelConfig&x=6abda3336c698a07,https://git.kernel.org/pub/scm/linux/kernel/git/torvalds/linux.git/log/?id=1c273e10bc0cc7efb933e0ca10e260cdfc9f0b8c,2021/03/20,https://git.kernel.org/pub/scm/linux/kernel/git/torvalds/linux.git/commit/?id\=30b5c851af7991ad08abe90c1e7c31615fa98a1a,2021-03-02,i386
https://syzkaller.appspot.com/bug?id=7d1249f90d0d0fe8654e60e906bf929ede22d6fb,general protection fault in fuse_test_super,2021/09/11,https://git.kernel.org/pub/scm/linux/kernel/git/torvalds/linux.git/commit/?id\=80019f1138324b6f35ae728b4f25eeb08899b452,2021-10-21,https://syzkaller.appspot.com/text?tag=ReproSyz&x=1467222f300000,https://syzkaller.appspot.com/text?tag=KernelConfig&x=76f7496a8217e5ec,https://git.kernel.org/pub/scm/linux/kernel/git/torvalds/linux.git/log/?id=5af4055fa8133662831ae2fb6e188e8f6c172688,2021/10/07,https://git.kernel.org/pub/scm/linux/kernel/git/torvalds/linux.git/commit/?id\=5d5b74aa9c766f0dd37d5cc1a2a7a94586130501,2021-08-05,amd64
https://syzkaller.appspot.com/bug?id=71a207a58e54a481a3d083ae144c45873bd6e29e,WARNING in static_key_slow_try_dec (2),2021/08/09,https://git.kernel.org/pub/scm/linux/kernel/git/torvalds/linux.git/commit/?id\=f7d8a19f9a056a05c5c509fa65af472a322abfee,2021-10-18,https://syzkaller.appspot.com/text?tag=ReproSyz&x=13fbcb3b300000,https://syzkaller.appspot.com/text?tag=KernelConfig&x=6d93fe4341f98704,https://git.kernel.org/pub/scm/linux/kernel/git/torvalds/linux.git/log/?id=ddf21bd8ab984ccaa924f090fc7f515bb6d51414,2021/09/17,https://git.kernel.org/pub/scm/linux/kernel/git/torvalds/linux.git/commit/?id\=421221234ada41b4a9f0beeb08e30b07388bd4bd,2021-08-02,i386
https://syzkaller.appspot.com/bug?id=1bc76a5779300075e3466a0e2abcd753df212779,KASAN: null-ptr-deref Write in __pm_runtime_resume,2021/08/10,https://git.kernel.org/pub/scm/linux/kernel/git/torvalds/linux.git/commit/?id\=2fc7acb69fa3573d4bf7a90c323296d840daf330,2021-09-10,https://syzkaller.appspot.com/text?tag=ReproSyz&x=16fde215300000,https://syzkaller.appspot.com/text?tag=KernelConfig&x=9c32e23fada3a0e4,https://git.kernel.org/pub/scm/linux/kernel/git/torvalds/linux.git/log/?id=835d31d319d9c8c4eb6cac074643360ba0ecab10,2021/09/01,https://git.kernel.org/pub/scm/linux/kernel/git/torvalds/linux.git/commit/?id\=d9dd833cf6d29695682ec7e7924c0d0992b906bc,2021-07-23,amd64
https://syzkaller.appspot.com/bug?id=0d6425dbfb5e2dbccd0389f8476e7f388ff54cad,WARNING: held lock freed in spi_unregister_controller,2021/10/15,https://git.kernel.org/pub/scm/linux/kernel/git/torvalds/linux.git/commit/?id\=6c53b45c71b4920b5e62f0ea8079a1da382b9434,2021-11-12,https://syzkaller.appspot.com/text?tag=ReproSyz&x=107ca762b00000,https://syzkaller.appspot.com/text?tag=KernelConfig&x=61f4d9af07d3bbdf,https://git.kernel.org/pub/scm/linux/kernel/git/torvalds/linux.git/log/?id=64222515138e43da1fcf288f0289ef1020427b87,2021/10/23,https://git.kernel.org/pub/scm/linux/kernel/git/torvalds/linux.git/commit/?id\=6098475d4cb48d821bdf453c61118c56e26294f0,2021-10-14,amd64
https://syzkaller.appspot.com/bug?id=66eff8d49af1b28370ad342787413e35bbe76efe,WARNING in hso_free_net_device,2019/09/01,https://git.kernel.org/pub/scm/linux/kernel/git/torvalds/linux.git/commit/?id\=788e67f18d797abbd48a96143511261f4f3b4f21,2021-07-21,https://syzkaller.appspot.com/text?tag=ReproSyz&x=1550d7aad00000,https://syzkaller.appspot.com/text?tag=KernelConfig&x=9320464bf47598bd,https://git.kernel.org/pub/scm/linux/kernel/git/torvalds/linux.git/log/?id=0a50438c84363bd37fe18fe432888ae9a074dcab,2021/04/06,https://git.kernel.org/pub/scm/linux/kernel/git/torvalds/linux.git/commit/?id\=5fcfb6d0bfcda17f0d0656e4e5b3710af2bbaae5,2020-08-05,amd64
https://syzkaller.appspot.com/bug?id=1c38dc8ac0178362e985db844a110223bbbfc35b,KASAN: use-after-free Write in dec_rlimit_ucounts,2021/07/04,https://git.kernel.org/pub/scm/linux/kernel/git/torvalds/linux.git/commit/?id\=bbb6d0f3e1feb43d663af089c7dedb23be6a04fb,2021-08-23,https://syzkaller.appspot.com/text?tag=ReproSyz&x=15d0ec1e300000,https://syzkaller.appspot.com/text?tag=KernelConfig&x=f61012d0b1cd846f,https://git.kernel.org/pub/scm/linux/kernel/git/torvalds/linux.git/log/?id=d6d09a6942050f21b065a134169002b4d6b701ef,2021/08/19,https://git.kernel.org/pub/scm/linux/kernel/git/torvalds/linux.git/commit/?id\=b6c336528926ef73b0f70260f2636de2c3b94c14,2021-04-30,amd64
https://syzkaller.appspot.com/bug?id=e47b57d53ae318d9c8f5cc897f031b1e55cf6eca,memory leak in kvm_dev_ioctl,2021/06/29,https://git.kernel.org/pub/scm/linux/kernel/git/torvalds/linux.git/commit/?id\=004d62eb4e57db3c391ed0df007cc11c93b6fbeb,2021-07-15,https://syzkaller.appspot.com/text?tag=ReproSyz&x=1627a060300000,https://syzkaller.appspot.com/text?tag=KernelConfig&x=552544e7296e3928,https://git.kernel.org/pub/scm/linux/kernel/git/torvalds/linux.git/log/?id=233a806b00e31b3ab8d57a68f1aab40cf1e5eaea,2021/06/29,https://git.kernel.org/pub/scm/linux/kernel/git/torvalds/linux.git/commit/?id\=bc9e9e672df9f16f3825320c53ec01b3d44add28,2021-06-24,amd64
https://syzkaller.appspot.com/bug?id=bd63e7caf99dd34f43f33de47fde52d56d5ff9f6,memory leak in xfrm_user_rcv_msg,2021/06/18,https://git.kernel.org/pub/scm/linux/kernel/git/torvalds/linux.git/commit/?id\=7c1a80e80cde008f271bae630d28cf684351e807,2021-06-29,https://syzkaller.appspot.com/text?tag=ReproSyz&x=14946548300000,https://syzkaller.appspot.com/text?tag=KernelConfig&x=6ec2526c74098317,https://git.kernel.org/pub/scm/linux/kernel/git/torvalds/linux.git/log/?id=fd0aa1a4567d0f09e1bfe367a950b004f99ac290,2021/06/18,https://git.kernel.org/pub/scm/linux/kernel/git/torvalds/linux.git/commit/?id\=5106f4a8acff480e244300bc5097c0ad7048c3a2,2020-09-24,amd64
https://syzkaller.appspot.com/bug?id=65eb47f7cf80068180a0fc45f3eb108278fd00b4,general protection fault in kcm_sendmsg,2021/06/04,https://git.kernel.org/pub/scm/linux/kernel/git/torvalds/linux.git/commit/?id\=a47c397bb29fce1751dc755246a2c8deeca5e38f,2021-06-07,https://syzkaller.appspot.com/text?tag=ReproSyz&x=11447c70300000,https://syzkaller.appspot.com/text?tag=KernelConfig&x=82d85e75046e5e64,https://git.kernel.org/pub/scm/linux/kernel/git/torvalds/linux.git/log/?id=9d32fa5d74b148b1cba262c0c24b9a27a910909b,2021/06/06,https://git.kernel.org/pub/scm/linux/kernel/git/torvalds/linux.git/commit/?id\=c47cc304990a2813995b1a92bbc11d0bb9a19ea9,2021-06-03,amd64
https://syzkaller.appspot.com/bug?id=62d6a292ad633abc9ce6159dec8e8ac5b0455b19,KASAN: use-after-free Read in disk_part_iter_next (2),2021/03/10,https://git.kernel.org/pub/scm/linux/kernel/git/torvalds/linux.git/commit/?id\=e82fc7855749aa197740a60ef22c492c41ea5d5f,2021-03-27,https://syzkaller.appspot.com/text?tag=ReproSyz&x=13dfe8bed00000,https://syzkaller.appspot.com/text?tag=KernelConfig&x=6abda3336c698a07,https://git.kernel.org/pub/scm/linux/kernel/git/torvalds/linux.git/log/?id=1c273e10bc0cc7efb933e0ca10e260cdfc9f0b8c,2021/03/20,https://git.kernel.org/pub/scm/linux/kernel/git/torvalds/linux.git/commit/?id\=a33df75c6328bf40078b35f2040d8e54d574c357,2021-01-24,amd64
https://syzkaller.appspot.com/bug?id=484483daf3652b40dae18531923aa9175d392a4d,KASAN: use-after-free Read in __d_alloc (2),2021/08/16,https://git.kernel.org/pub/scm/linux/kernel/git/torvalds/linux.git/commit/?id\=0766ec82e5fb26fc5dc6d592bc61865608bdc651,2021-09-07,https://syzkaller.appspot.com/text?tag=ReproSyz&x=17061c93300000,https://syzkaller.appspot.com/text?tag=KernelConfig&x=faed7df0f442c217,https://git.kernel.org/pub/scm/linux/kernel/git/torvalds/linux.git/log/?id=49624efa65ac9889f4e7c7b2452b2e6ce42ba37d,2021/09/05,https://git.kernel.org/pub/scm/linux/kernel/git/torvalds/linux.git/commit/?id\=0ee50b47532a81ab36046241822d1ecb4e08e76d,2021-08-23,amd64
https://syzkaller.appspot.com/bug?id=3d48c91ba894fb986f24e94797aca34b0149a6fc,possible deadlock in del_gendisk,2021/04/09,https://git.kernel.org/pub/scm/linux/kernel/git/torvalds/linux.git/commit/?id\=990e78116d38059c9306cf0560c1c4ed1cf358d3,2021-06-11,https://syzkaller.appspot.com/text?tag=ReproSyz&x=149748dfd00000,https://syzkaller.appspot.com/text?tag=KernelConfig&x=71698168f5f17484,https://git.kernel.org/pub/scm/linux/kernel/git/torvalds/linux.git/log/?id=c2131f7e73c9e9365613e323d65c7b9e5b910f56,2021/06/01,https://git.kernel.org/pub/scm/linux/kernel/git/torvalds/linux.git/commit/?id\=c76f48eb5c084b1e15c931ae8cc1826cd771d70d,2021-04-08,amd64
https://syzkaller.appspot.com/bug?id=396fb46bd515837eaf6e5f542a3829f67757471a,general protection fault in blk_mq_run_hw_queues,2021/07/01,https://git.kernel.org/pub/scm/linux/kernel/git/torvalds/linux.git/commit/?id\=16ad3db3b24cd9f70aa24e93cef0d4a83dece7ac,2021-07-15,https://syzkaller.appspot.com/text?tag=ReproSyz&x=17ded6ac300000,https://syzkaller.appspot.com/text?tag=KernelConfig&x=ef0afdedbe2d773d,https://git.kernel.org/pub/scm/linux/kernel/git/torvalds/linux.git/log/?id=dbe69e43372212527abf48609aba7fc39a6daa27,2021/07/01,https://git.kernel.org/pub/scm/linux/kernel/git/torvalds/linux.git/commit/?id\=4af5f2e0301311f88c420fcfc5f3c8611ade20ac,2021-06-11,amd64
https://syzkaller.appspot.com/bug?id=34f098756f33596efea4436ae996e6388f6dca48,WARNING: still has locks held in io_sq_thread,2021/03/28,https://git.kernel.org/pub/scm/linux/kernel/git/torvalds/linux.git/commit/?id\=82734c5b1b24c020d701cf90ccb075e43a5ccb07,2021-03-30,https://syzkaller.appspot.com/text?tag=ReproSyz&x=1043b216d00000,https://syzkaller.appspot.com/text?tag=KernelConfig&x=daeff30c2474a60f,https://git.kernel.org/pub/scm/linux/kernel/git/torvalds/linux.git/log/?id=81b1d39fd39a0ecfd30606714bcc05da586044f9,2021/03/29,https://git.kernel.org/pub/scm/linux/kernel/git/torvalds/linux.git/commit/?id\=dbe1bdbb39db7dfe80a903f0d267f62cf3f093d2,2021-03-27,amd64
https://syzkaller.appspot.com/bug?id=691c180c1f20d512cf64e521aa4524d2bbd90910,general protection fault in drm_client_buffer_vunmap,2020/11/26,https://git.kernel.org/pub/scm/linux/kernel/git/torvalds/linux.git/commit/?id\=874a52f9b693ed8bf7a92b3592a547ce8a684e6f,2021-03-11,https://syzkaller.appspot.com/text?tag=ReproSyz&x=17b98367500000,https://syzkaller.appspot.com/text?tag=KernelConfig&x=8aa30b9da402d224,https://git.kernel.org/pub/scm/linux/kernel/git/torvalds/linux.git/log/?id=36bbbd0e234d817938bdc52121a0f5473b3e58f5,2021/01/05,https://git.kernel.org/pub/scm/linux/kernel/git/torvalds/linux.git/commit/?id\=763aea17bf575ecea62e4e18c29a8452a770cb1e,2020-11-24,amd64
https://syzkaller.appspot.com/bug?id=c6361eff67aa5603086d1e3e13aa67c1e14359d4,memory leak in v2_read_file_info,2020/12/18,https://git.kernel.org/pub/scm/linux/kernel/git/torvalds/linux.git/commit/?id\=a4db1072e1a3bd7a8d9c356e1902b13ac5deb8ef,2021-01-05,https://syzkaller.appspot.com/text?tag=ReproSyz&x=104c7923500000,https://syzkaller.appspot.com/text?tag=KernelConfig&x=5385be4730967ab6,https://git.kernel.org/pub/scm/linux/kernel/git/torvalds/linux.git/log/?id=d64c6f96ba86bd8b97ed8d6762a8c8cc1770d214,2020/12/18,https://git.kernel.org/pub/scm/linux/kernel/git/torvalds/linux.git/commit/?id\=11c514a99bb960941535134f0587102855e8ddee,2020-11-03,amd64
https://syzkaller.appspot.com/bug?id=bd699d3418ad3b9acb4fbbfb646adb9900395023,KASAN: null-ptr-deref Read in tcf_idrinfo_destroy,2020/09/25,https://git.kernel.org/pub/scm/linux/kernel/git/torvalds/linux.git/commit/?id\=396d7f23adf9e8c436dd81a69488b5b6a865acf8,2021-02-16,https://syzkaller.appspot.com/text?tag=ReproSyz&x=15f45814d00000,https://syzkaller.appspot.com/text?tag=KernelConfig&x=a53fd47f16f22f8c,https://git.kernel.org/pub/scm/linux/kernel/git/torvalds/linux.git/log/?id=291009f656e8eaebbdfd3a8d99f6b190a9ce9deb,2021/02/11,https://git.kernel.org/pub/scm/linux/kernel/git/torvalds/linux.git/commit/?id\=0fedc63fadf0404a729e73a35349481c8009c02f,2020-09-24,amd64
https://syzkaller.appspot.com/bug?id=91f769e6299331f7ab779fb44b4c269de4512e7b,general protection fault in kvm_hv_irq_routing_update,2021/02/22,https://git.kernel.org/pub/scm/linux/kernel/git/torvalds/linux.git/commit/?id\=919f4ebc598701670e80e31573a58f1f2d2bf918,2021-02-26,https://syzkaller.appspot.com/text?tag=ReproSyz&x=12faef12d00000,https://syzkaller.appspot.com/text?tag=KernelConfig&x=7a875029a795d230,https://git.kernel.org/pub/scm/linux/kernel/git/torvalds/linux.git/log/?id=a99163e9e708d5d773b7de6da952fcddc341f977,2021/02/23,https://git.kernel.org/pub/scm/linux/kernel/git/torvalds/linux.git/commit/?id\=8f014550dfb114cc7f42a517d20d2cf887a0b771,2021-02-09,amd64
https://syzkaller.appspot.com/bug?id=40e5681a93024cf304b4f643019374b21dbb0192,WARNING in iov_iter_revert (2),2021/02/12,https://git.kernel.org/pub/scm/linux/kernel/git/torvalds/linux.git/commit/?id\=3342ff2698e9720f4040cc458a2744b2b32f5c3a,2021-02-20,https://syzkaller.appspot.com/text?tag=ReproSyz&x=143aca4cd00000,https://syzkaller.appspot.com/text?tag=KernelConfig&x=6a218c95bd23063a,https://git.kernel.org/pub/scm/linux/kernel/git/torvalds/linux.git/log/?id=dcc0b49040c70ad827a7f3d58a21b01fdb14e749,2021/02/12,https://git.kernel.org/pub/scm/linux/kernel/git/torvalds/linux.git/commit/?id\=9bb48c82aced07698a2d08ee0f1475a6c4f6b266,2021-01-20,amd64
https://syzkaller.appspot.com/bug?id=fbfc3552d97e318404e40b42b360de0b2c5865e3,BUG: sleeping function called from invalid context in corrupted,2020/11/07,https://git.kernel.org/pub/scm/linux/kernel/git/torvalds/linux.git/commit/?id\=7bc40aedf24d31d8bea80e1161e996ef4299fb10,2020-11-13,https://syzkaller.appspot.com/text?tag=ReproSyz&x=14df611a500000,https://syzkaller.appspot.com/text?tag=KernelConfig&x=e791ddf0875adf65,https://git.kernel.org/pub/scm/linux/kernel/git/torvalds/linux.git/log/?id=bf3e76289cd28b87f679cd53e26d67fd708d718a,2020/11/07,https://git.kernel.org/pub/scm/linux/kernel/git/torvalds/linux.git/commit/?id\=dcd479e10a0510522a5d88b29b8f79ea3467d501,2020-10-30,amd64
https://syzkaller.appspot.com/bug?id=aaa35b314220404bbc2b1c66067b0f9a623baa89,KASAN: slab-out-of-bounds Write in xfrm_attr_cpy32,2020/10/21,https://git.kernel.org/pub/scm/linux/kernel/git/torvalds/linux.git/commit/?id\=d1949d045fd67eab8a32a579a8c1ab1681330854,2020-11-09,https://syzkaller.appspot.com/text?tag=ReproSyz&x=1388676c500000,https://syzkaller.appspot.com/text?tag=KernelConfig&x=61033507391c77ff,https://git.kernel.org/pub/scm/linux/kernel/git/torvalds/linux.git/log/?id=3cea11cd5e3b00d91caf0b4730194039b45c5891,2020/11/02,https://git.kernel.org/pub/scm/linux/kernel/git/torvalds/linux.git/commit/?id\=5106f4a8acff480e244300bc5097c0ad7048c3a2,2020-09-24,i386
https://syzkaller.appspot.com/bug?id=9fd089d44734021c09c696938bb74d3b3f8273c2,KASAN: null-ptr-deref Write in bdi_put,2020/12/07,https://git.kernel.org/pub/scm/linux/kernel/git/torvalds/linux.git/commit/?id\=2d2f6f1b4799428d160c021dd652bc3e3593945e,2021-01-07,https://syzkaller.appspot.com/text?tag=ReproSyz&x=14ae404f500000,https://syzkaller.appspot.com/text?tag=KernelConfig&x=bf519e1e96191576,https://git.kernel.org/pub/scm/linux/kernel/git/torvalds/linux.git/log/?id=71c5f03154ac1cb27423b984743ccc2f5d11d14d,2020/12/25,https://git.kernel.org/pub/scm/linux/kernel/git/torvalds/linux.git/commit/?id\=e6cb53827ed60019bbbc5cf189dd204b3b0e8121,2020-12-01,amd64
https://syzkaller.appspot.com/bug?id=7e98ae88bcf946363eb3fabca189b3deb3700caf,WARNING: suspicious RCU usage in wiphy_apply_custom_regulatory,2020/12/16,https://git.kernel.org/pub/scm/linux/kernel/git/torvalds/linux.git/commit/?id\=51d62f2f2c501a93d9a6a46f43731f984e227764,2021-01-08,https://syzkaller.appspot.com/text?tag=ReproSyz&x=1593f703500000,https://syzkaller.appspot.com/text?tag=KernelConfig&x=c3556e4856b17a95,https://git.kernel.org/pub/scm/linux/kernel/git/torvalds/linux.git/log/?id=d635a69dd4981cc51f90293f5f64268620ed1565,2020/12/16,https://git.kernel.org/pub/scm/linux/kernel/git/torvalds/linux.git/commit/?id\=beee246951571cc5452176f3dbfe9aa5a10ba2b9,2020-12-11,amd64
https://syzkaller.appspot.com/bug?id=7d0e7e183df07b0c306cca5dfd022a64c302dd4f,KASAN: slab-out-of-bounds Write in record_print_text,2021/01/22,https://git.kernel.org/pub/scm/linux/kernel/git/torvalds/linux.git/commit/?id\=08d60e5999540110576e7c1346d486220751b7f9,2021-01-25,https://syzkaller.appspot.com/text?tag=ReproSyz&x=1575e6b4d00000,https://syzkaller.appspot.com/text?tag=KernelConfig&x=be33d8015c9de024,https://git.kernel.org/pub/scm/linux/kernel/git/torvalds/linux.git/log/?id=e68061375f792af245fefbc13e3e078fa92d3539,2021/01/25,https://git.kernel.org/pub/scm/linux/kernel/git/torvalds/linux.git/commit/?id\=f0e386ee0c0b71ea6f7238506a4d0965a2dbef11,2021-01-19,amd64
https://syzkaller.appspot.com/bug?id=6c7899acf008be2ddcddb46a2567c2153193632a,BUG: sleeping function called from invalid context in sta_info_move_state,2020/11/03,https://git.kernel.org/pub/scm/linux/kernel/git/torvalds/linux.git/commit/?id\=7bc40aedf24d31d8bea80e1161e996ef4299fb10,2020-11-13,https://syzkaller.appspot.com/text?tag=ReproSyz&x=15989aa1500000,https://syzkaller.appspot.com/text?tag=KernelConfig&x=e00e5d4fe325477d,https://git.kernel.org/pub/scm/linux/kernel/git/torvalds/linux.git/log/?id=3d5e28bff7ad55aea081c1af516cc1c94a5eca7d,2020/11/12,https://git.kernel.org/pub/scm/linux/kernel/git/torvalds/linux.git/commit/?id\=dcd479e10a0510522a5d88b29b8f79ea3467d501,2020-10-30,amd64
https://syzkaller.appspot.com/bug?id=35ca150acc791b7283bb643a0edbbc185aa4a69e,BUG: unable to handle kernel paging request in smc_nl_handle_smcr_dev,2020/12/08,https://git.kernel.org/pub/scm/linux/kernel/git/torvalds/linux.git/commit/?id\=995433b795cec0a4ef6c8603e7642903c621943a,2020-12-16,https://syzkaller.appspot.com/text?tag=ReproSyz&x=17d8e41f500000,https://syzkaller.appspot.com/text?tag=KernelConfig&x=503d0089cd701d6d,https://git.kernel.org/pub/scm/linux/kernel/git/torvalds/linux.git/log/?id=5e60366d56c630e32befce7ef05c569e04391ca3,2020/12/17,https://git.kernel.org/pub/scm/linux/kernel/git/torvalds/linux.git/commit/?id\=a3db10efcc4cc9c03a6375920179ade75ea2df7a,2020-12-01,amd64
https://syzkaller.appspot.com/bug?id=1bef50bdd9622a1969608d1090b2b4a588d0c6ac,KASAN: null-ptr-deref Read in filp_close,2020/12/17,https://git.kernel.org/pub/scm/linux/kernel/git/torvalds/linux.git/commit/?id\=fec8a6a691033f2538cd46848f17f337f0739923,2020-12-19,https://syzkaller.appspot.com/text?tag=ReproSyz&x=10e1a00b500000,https://syzkaller.appspot.com/text?tag=KernelConfig&x=db720fe37a6a41d8,https://git.kernel.org/pub/scm/linux/kernel/git/torvalds/linux.git/log/?id=5e60366d56c630e32befce7ef05c569e04391ca3,2020/12/17,https://git.kernel.org/pub/scm/linux/kernel/git/torvalds/linux.git/commit/?id\=582f1fb6b721facf04848d2ca57f34468da1813e,2020-12-04,amd64
https://syzkaller.appspot.com/bug?id=db50123c788e2cc5a9d90de569c398b66293ee48,KASAN: global-out-of-bounds Read in precalculate_color,2019/11/28,https://git.kernel.org/pub/scm/linux/kernel/git/torvalds/linux.git/commit/?id\=e3158a5e7e661786b3ab650c7e4d21024e8eff0f,2020-08-26,https://syzkaller.appspot.com/text?tag=ReproSyz&x=119c517ae00000,https://syzkaller.appspot.com/text?tag=KernelConfig&x=121b4285bac421fe,https://git.kernel.org/pub/scm/linux/kernel/git/torvalds/linux.git/log/?id=d76886972823ce456c0c61cd2284e85668e2131e,2019/11/28,https://git.kernel.org/pub/scm/linux/kernel/git/torvalds/linux.git/commit/?id\=746facd39370cc10038eba695f37269c6a401fda,2019-10-24,amd64
https://syzkaller.appspot.com/bug?id=1584390877c420334423c55d414a3c1994cc8dab,memory leak in xdp_umem_create,2020/10/21,https://git.kernel.org/pub/scm/linux/kernel/git/torvalds/linux.git/commit/?id\=e5e1a4bc916d29958c3b587354293738fcb984d7,2020-10-29,https://syzkaller.appspot.com/text?tag=ReproSyz&x=1071b294500000,https://syzkaller.appspot.com/text?tag=KernelConfig&x=57d3c13ee1cbce9d,https://git.kernel.org/pub/scm/linux/kernel/git/torvalds/linux.git/log/?id=c4d6fe7311762f2e03b3c27ad38df7c40c80cc93,2020/10/21,https://git.kernel.org/pub/scm/linux/kernel/git/torvalds/linux.git/commit/?id\=1c1efc2af158869795d3334a12fed2afd9c51539,2020-08-31,amd64
https://syzkaller.appspot.com/bug?id=badc9136121e634336bcdb31592a4b70b064e421,WARNING: refcount bug in qdisc_put (2),2020/08/25,https://git.kernel.org/pub/scm/linux/kernel/git/torvalds/linux.git/commit/?id\=5438dd45831ee33869779bd1919b05816ae4dbc9,2020-08-28,https://syzkaller.appspot.com/text?tag=ReproSyz&x=178445a9900000,https://syzkaller.appspot.com/text?tag=KernelConfig&x=978db74cb30aa994,https://git.kernel.org/pub/scm/linux/kernel/git/torvalds/linux.git/log/?id=6a9dc5fd6170d0a41c8a14eb19e63d94bea5705a,2020/08/25,https://git.kernel.org/pub/scm/linux/kernel/git/torvalds/linux.git/commit/?id\=aee9caa03fc3c8b02f8f31824354d85f30e562e0,2020-06-29,amd64
https://syzkaller.appspot.com/bug?id=742f144a140944cb3f732ffd468e67fa58155aef,general protection fault in snd_ctl_release,2020/08/31,https://git.kernel.org/pub/scm/linux/kernel/git/torvalds/linux.git/commit/?id\=77f4689de17c0887775bb77896f4cc11a39bf848,2020-09-02,https://syzkaller.appspot.com/text?tag=ReproSyz&x=11a11435900000,https://syzkaller.appspot.com/text?tag=KernelConfig&x=978db74cb30aa994,https://git.kernel.org/pub/scm/linux/kernel/git/torvalds/linux.git/log/?id=dcc5c6f013d841e9ae74d527d312d512dfc2e2f0,2020/08/31,https://git.kernel.org/pub/scm/linux/kernel/git/torvalds/linux.git/commit/?id\=a9ed4a6560b8562b7e2e2bed9527e88001f7b682,2020-08-22,i386
https://syzkaller.appspot.com/bug?id=d2dce0b24023e5d982f2b6b2df432d72ab87d248,kernel BUG at mm/khugepaged.c:LINE!,2020/08/09,https://git.kernel.org/pub/scm/linux/kernel/git/torvalds/linux.git/commit/?id\=f3f99d63a8156c7a4a6b20aac22b53c5579c7dc1,2020-08-21,https://syzkaller.appspot.com/text?tag=ReproSyz&x=174c19d6900000,https://syzkaller.appspot.com/text?tag=KernelConfig&x=d48472fcc2f68903,https://git.kernel.org/pub/scm/linux/kernel/git/torvalds/linux.git/log/?id=00e4db51259a5f936fec1424b884f029479d3981,2020/08/11,https://git.kernel.org/pub/scm/linux/kernel/git/torvalds/linux.git/commit/?id\=bbe98f9cadff58cdd6a4acaeba0efa8565dabe65,2020-08-07,amd64
https://syzkaller.appspot.com/bug?id=84f6c335c80d9786d5aaf404bf3d55d79e7e0e27,memory leak in nf_tables_addchain,2020/08/09,https://git.kernel.org/pub/scm/linux/kernel/git/torvalds/linux.git/commit/?id\=59136aa3b2649796a3a1fd90158675f1f640ce0e,2020-08-13,https://syzkaller.appspot.com/text?tag=ReproSyz&x=17fbf6e6900000,https://syzkaller.appspot.com/text?tag=KernelConfig&x=4810fa4a53b3aa2c,https://git.kernel.org/pub/scm/linux/kernel/git/torvalds/linux.git/log/?id=449dc8c97089a6e09fb2dac4d92b1b7ac0eb7c1e,2020/08/09,https://git.kernel.org/pub/scm/linux/kernel/git/torvalds/linux.git/commit/?id\=d0e2c7de92c7f2b3d355ad76b0bb9fc43d1beb87,2020-07-04,amd64
https://syzkaller.appspot.com/bug?id=7e8a6bdac214d39b07d8134ee730fda58a0b26d7,WARNING in compat_do_ebt_get_ctl,2020/08/06,https://git.kernel.org/pub/scm/linux/kernel/git/torvalds/linux.git/commit/?id\=5c04da55c754c44937b3d19c6522f9023fd5c5d5,2020-08-14,https://syzkaller.appspot.com/text?tag=ReproSyz&x=13280fd6900000,https://syzkaller.appspot.com/text?tag=KernelConfig&x=f1fedc63022bf07e,https://git.kernel.org/pub/scm/linux/kernel/git/torvalds/linux.git/log/?id=fb893de323e2d39f7a1f6df425703a2edbdf56ea,2020/08/13,https://git.kernel.org/pub/scm/linux/kernel/git/torvalds/linux.git/commit/?id\=fc66de8e16ec4d9b4d2696d961de4f81db78a1b6,2020-07-19,i386
https://syzkaller.appspot.com/bug?id=f451140ba972ca7403ecd31763421fb84b9caeac,general protection fault in __apic_accept_irq (2),2020/06/25,https://git.kernel.org/pub/scm/linux/kernel/git/torvalds/linux.git/commit/?id\=9d3c447c72fb2337ca39f245c6ae89f2369de216,2020-06-29,https://syzkaller.appspot.com/text?tag=ReproSyz&x=11c58365100000,https://syzkaller.appspot.com/text?tag=KernelConfig&x=d195fe572fb15312,https://git.kernel.org/pub/scm/linux/kernel/git/torvalds/linux.git/log/?id=7ae77150d94d3b535c7b85e6b3647113095e79bf,2020/06/25,https://git.kernel.org/pub/scm/linux/kernel/git/torvalds/linux.git/commit/?id\=2635b5c4a0e407b84f68e188c719f28ba0e9ae1b,2020-06-01,i386
https://syzkaller.appspot.com/bug?id=dc6352b92862eb79373fe03fdf9af5928753e057,BUG: using smp_processor_id() in preemptible [ADDR] code: syz-executor,2019/06/29,https://git.kernel.org/pub/scm/linux/kernel/git/torvalds/linux.git/commit/?id\=1378817486d6860f6a927f573491afe65287abf1,2020-05-22,https://syzkaller.appspot.com/text?tag=ReproSyz&x=127234b4600000,https://syzkaller.appspot.com/text?tag=KernelConfig&x=4809ada7c73f0407,https://git.kernel.org/pub/scm/linux/kernel/git/torvalds/linux.git/log/?id=5168afe6ef596eaf2ff7a533b780c79ce14445e4,2019/07/28,https://git.kernel.org/pub/scm/linux/kernel/git/torvalds/linux.git/commit/?id\=e9c1a793210f29f32ee4cf048e04d7d9bb3221cc,2019-06-27,i386
https://syzkaller.appspot.com/bug?id=c8b0849f2ebb811452100e7d669f290eb7225f4b,memory leak in ctnetlink_del_conntrack,2020/06/07,https://git.kernel.org/pub/scm/linux/kernel/git/torvalds/linux.git/commit/?id\=6c2d2176a85eb2fd65eb7cfe94b3bad0acce99c0,2020-06-10,https://syzkaller.appspot.com/text?tag=ReproSyz&x=129c54c1100000,https://syzkaller.appspot.com/text?tag=KernelConfig&x=9a1aa05456dfd557,https://git.kernel.org/pub/scm/linux/kernel/git/torvalds/linux.git/log/?id=7ae77150d94d3b535c7b85e6b3647113095e79bf,2020/06/07,https://git.kernel.org/pub/scm/linux/kernel/git/torvalds/linux.git/commit/?id\=cb8aa9a3affb7d23b11b11fbed41e2feaabc4b0a,2020-05-27,amd64
https://syzkaller.appspot.com/bug?id=a2cf4f2142145d626f5c80441856be2292394b2a,memory leak in crypto_create_tfm,2020/06/02,https://git.kernel.org/pub/scm/linux/kernel/git/torvalds/linux.git/commit/?id\=819966c06b759022e9932f328284314d9272b9f3,2020-06-15,https://syzkaller.appspot.com/text?tag=ReproSyz&x=17f00ef2100000,https://syzkaller.appspot.com/text?tag=KernelConfig&x=6d41e63a2c7e0715,https://git.kernel.org/pub/scm/linux/kernel/git/torvalds/linux.git/log/?id=194098915ac74daddca9d6ed46fd11be57f45e16,2020/06/02,https://git.kernel.org/pub/scm/linux/kernel/git/torvalds/linux.git/commit/?id\=97f2650e504033376e8813691cb6eccf73151676,2020-04-24,amd64
https://syzkaller.appspot.com/bug?id=a26ab529b00c9a1e2b030975d5655222680aba5d,WARNING in memtype_reserve,2020/05/08,https://git.kernel.org/pub/scm/linux/kernel/git/torvalds/linux.git/commit/?id\=a0e710a7def471b8eb779ff551fc27701da49599,2020-05-14,https://syzkaller.appspot.com/text?tag=ReproSyz&x=168ee02c100000,https://syzkaller.appspot.com/text?tag=KernelConfig&x=b0212dbee046bc1f,https://git.kernel.org/pub/scm/linux/kernel/git/torvalds/linux.git/log/?id=d5eeab8d7e269e8cfc53b915bccd7bd30485bcbf,2020/05/09,https://git.kernel.org/pub/scm/linux/kernel/git/torvalds/linux.git/commit/?id\=2bef9aed6f0e22391c8d4570749b1acc9bc3981e,2020-05-05,i386
https://syzkaller.appspot.com/bug?id=9cfa584d057643db5d2763173fcdf2d25facdc13,memory leak in nf_tables_parse_netdev_hooks (3),2020/06/07,https://git.kernel.org/pub/scm/linux/kernel/git/torvalds/linux.git/commit/?id\=3003055f50663095472144994dac0339076031a8,2020-06-12,https://syzkaller.appspot.com/text?tag=ReproSyz&x=126f5446100000,https://syzkaller.appspot.com/text?tag=KernelConfig&x=9a1aa05456dfd557,https://git.kernel.org/pub/scm/linux/kernel/git/torvalds/linux.git/log/?id=7ae77150d94d3b535c7b85e6b3647113095e79bf,2020/06/07,https://git.kernel.org/pub/scm/linux/kernel/git/torvalds/linux.git/commit/?id\=abadb2f865d72a223d691fc68e006943ecadf0d9,2020-05-27,amd64
https://syzkaller.appspot.com/bug?id=8bfd55de893a67cfeca7d0f3472884b40fbebe79,kernel BUG at arch/x86/mm/physaddr.c:LINE! (5),2020/04/27,https://git.kernel.org/pub/scm/linux/kernel/git/torvalds/linux.git/commit/?id\=57d38f26d81e4275748b69372f31df545dcd9b71,2020-05-04,https://syzkaller.appspot.com/text?tag=ReproSyz&x=12db1b80100000,https://syzkaller.appspot.com/text?tag=KernelConfig&x=1ac152749c11ca54,https://git.kernel.org/pub/scm/linux/kernel/git/torvalds/linux.git/log/?id=6a8b55ed4056ea5559ebe4f6a4b247f627870d4c,2020/04/27,https://git.kernel.org/pub/scm/linux/kernel/git/torvalds/linux.git/commit/?id\=9a98e7a80f95378c9ee0c644705e3b5aa54745f1,2020-04-23,amd64
https://syzkaller.appspot.com/bug?id=7e236b04d69325ef661b46cadfe93df41fc3fbdf,KASAN: use-after-free Read in rpc_net_ns,2020/05/03,https://git.kernel.org/pub/scm/linux/kernel/git/torvalds/linux.git/commit/?id\=31e9a7f353526bbe53165a292f8ea9695ead3168,2020-05-10,https://syzkaller.appspot.com/text?tag=ReproSyz&x=12315918100000,https://syzkaller.appspot.com/text?tag=KernelConfig&x=5b075813ec8b93cd,https://git.kernel.org/pub/scm/linux/kernel/git/torvalds/linux.git/log/?id=f66ed1ebbfde37631fba289f7c399eaa70632abf,2020/05/03,https://git.kernel.org/pub/scm/linux/kernel/git/torvalds/linux.git/commit/?id\=7c4310ff56422ea43418305d22bbc5fe19150ec4,2020-04-28,amd64
https://syzkaller.appspot.com/bug?id=2e1c26930cc57edee80734ae71bf020493b32306,KASAN: slab-out-of-bounds Read in fl6_update_dst,2020/05/11,https://git.kernel.org/pub/scm/linux/kernel/git/torvalds/linux.git/commit/?id\=bb986a50421a11bf31a81afb15b9b8f45a4a3a11,2020-06-04,https://syzkaller.appspot.com/text?tag=ReproSyz&x=102bfda2100000,https://syzkaller.appspot.com/text?tag=KernelConfig&x=efdde85c3af536b5,https://git.kernel.org/pub/scm/linux/kernel/git/torvalds/linux.git/log/?id=2ef96a5bb12be62ef75b5828c0aab838ebb29cb8,2020/05/11,https://git.kernel.org/pub/scm/linux/kernel/git/torvalds/linux.git/commit/?id\=0cb7498f234e4e7d75187a8cae6c7c2053f2488a,2020-05-06,amd64
https://syzkaller.appspot.com/bug?id=d5738a7320ab9e1fbc23ebf13589ae0a55130bbf,WARNING in __vm_enough_memory (2),2020/04/15,https://git.kernel.org/pub/scm/linux/kernel/git/torvalds/linux.git/commit/?id\=dadbd85f2afc8ccd1dd1f0131781c740c91edd96,2020-04-19,https://syzkaller.appspot.com/text?tag=ReproSyz&x=1650dbe0100000,https://syzkaller.appspot.com/text?tag=KernelConfig&x=5d351a1019ed81a2,https://git.kernel.org/pub/scm/linux/kernel/git/torvalds/linux.git/log/?id=8632e9b5645bbc2331d21d892b0d6961c1a08429,2020/04/15,https://git.kernel.org/pub/scm/linux/kernel/git/torvalds/linux.git/commit/?id\=e346b3813067d4b17383f975f197a9aa28a3b077,2020-04-02,amd64
https://syzkaller.appspot.com/bug?id=caed28f292ccd32eef950b27d68cf16852303b7f,KASAN: invalid-free in nf_tables_newset,2020/04/01,https://git.kernel.org/pub/scm/linux/kernel/git/torvalds/linux.git/commit/?id\=7fb6f78df7003234d8df4f90aeecc432d7d0c804,2020-04-05,https://syzkaller.appspot.com/text?tag=ReproSyz&x=1760d733e00000,https://syzkaller.appspot.com/text?tag=KernelConfig&x=d6a1e2f9a9986236,https://git.kernel.org/pub/scm/linux/kernel/git/torvalds/linux.git/log/?id=7be97138e7276c71cc9ad1752dcb502d28f4400d,2020/04/03,https://git.kernel.org/pub/scm/linux/kernel/git/torvalds/linux.git/commit/?id\=65038428b2c6c5be79d3f78a6b79c0cdc3a58a41,2020-03-19,i386
https://syzkaller.appspot.com/bug?id=aa1e86bb4fac5238108aa80f3988e91fa0cc48db,WARNING: bad unlock balance in mptcp_poll,2020/04/09,https://git.kernel.org/pub/scm/linux/kernel/git/torvalds/linux.git/commit/?id\=e154659ba39a1c2be576aaa0a5bda8088d707950,2020-04-12,https://syzkaller.appspot.com/text?tag=ReproSyz&x=111ccd2be00000,https://syzkaller.appspot.com/text?tag=KernelConfig&x=ca75979eeebf06c2,https://git.kernel.org/pub/scm/linux/kernel/git/torvalds/linux.git/log/?id=ae46d2aa6a7fbe8ca0946f24b061b6ccdc6c3f25,2020/04/09,https://git.kernel.org/pub/scm/linux/kernel/git/torvalds/linux.git/commit/?id\=0b4f33def7bbde1ce2fea05f116639270e7acdc7,2020-04-02,amd64
https://syzkaller.appspot.com/bug?id=c2252b699662d890c3a162818267cc88a07aa5ae,WARNING: bad unlock balance in __get_user_pages_remote,2020/04/03,https://git.kernel.org/pub/scm/linux/kernel/git/torvalds/linux.git/commit/?id\=c7b6a566b98524baea6a244186e665d22b633545,2020-04-07,https://syzkaller.appspot.com/text?tag=ReproSyz&x=17a41543e00000,https://syzkaller.appspot.com/text?tag=KernelConfig&x=12205d036cec317f,https://git.kernel.org/pub/scm/linux/kernel/git/torvalds/linux.git/log/?id=7e63420847ae5f1036e4f7c42f0b3282e73efbc2,2020/04/07,https://git.kernel.org/pub/scm/linux/kernel/git/torvalds/linux.git/commit/?id\=71335f37c5e8ec9225285206f7f875057b9737ad,2020-04-02,amd64
https://syzkaller.appspot.com/bug?id=a5754830aa482e2c3fe69f1093f6f0ae65deb0d5,INFO: trying to register non-static key in io_cqring_ev_posted (2),2020/03/31,https://git.kernel.org/pub/scm/linux/kernel/git/torvalds/linux.git/commit/?id\=10bea96dcc13ad841d53bdcc9d8e731e9e0ad58f,2020-04-01,https://syzkaller.appspot.com/text?tag=ReproSyz&x=13ac1b9de00000,https://syzkaller.appspot.com/text?tag=KernelConfig&x=acf766c0e3d3f8c6,https://git.kernel.org/pub/scm/linux/kernel/git/torvalds/linux.git/log/?id=673b41e04a035d760bc0aff83fa9ee24fd9c2779,2020/03/31,https://git.kernel.org/pub/scm/linux/kernel/git/torvalds/linux.git/commit/?id\=b41e98524e424d104aa7851d54fd65820759875a,2020-03-02,amd64
https://syzkaller.appspot.com/bug?id=4d86d7ffb1fd63cc638602b45d9998323856981c,WARNING in af_alg_make_sg,2020/04/07,https://git.kernel.org/pub/scm/linux/kernel/git/torvalds/linux.git/commit/?id\=ae46d2aa6a7fbe8ca0946f24b061b6ccdc6c3f25,2020-04-08,https://syzkaller.appspot.com/text?tag=ReproSyz&x=13cf3b8fe00000,https://syzkaller.appspot.com/text?tag=KernelConfig&x=12205d036cec317f,https://git.kernel.org/pub/scm/linux/kernel/git/torvalds/linux.git/log/?id=763dede1b24886d327bfaed7cf59ee3c01c7913e,2020/04/08,https://git.kernel.org/pub/scm/linux/kernel/git/torvalds/linux.git/commit/?id\=4426e945df588f2878affddf88a51259200f7e29,2020-04-02,i386
https://syzkaller.appspot.com/bug?id=d1e9151507dbc9b4673eee5228632db119695147,WARNING: proc registration bug in hashlimit_mt_check_common,2020/02/10,https://git.kernel.org/pub/scm/linux/kernel/git/torvalds/linux.git/commit/?id\=99b79c3900d4627672c85d9f344b5b0f06bc2a4d,2020-02-26,https://syzkaller.appspot.com/text?tag=ReproSyz&x=16c0e1dde00000,https://syzkaller.appspot.com/text?tag=KernelConfig&x=3b8906eb6a7d6028,https://git.kernel.org/pub/scm/linux/kernel/git/torvalds/linux.git/log/?id=54dedb5b571d2fb0d65c3957ecfa9b32ce28d7f0,2020/02/23,https://git.kernel.org/pub/scm/linux/kernel/git/torvalds/linux.git/commit/?id\=c4a3922d2d20c710f827d3a115ee338e8d0467df,2020-02-07,amd64
https://syzkaller.appspot.com/bug?id=ce692a3aa13e00e335e090be7846c6eb60ddff7a,memory leak in dma_buf_ioctl,2019/07/20,https://git.kernel.org/pub/scm/linux/kernel/git/torvalds/linux.git/commit/?id\=d1f37226431f5d9657aa144a40f2383adbcf27e1,2020-02-27,https://syzkaller.appspot.com/text?tag=ReproSyz&x=12526e58600000,https://syzkaller.appspot.com/text?tag=KernelConfig&x=d31de3d88059b7fa,https://git.kernel.org/pub/scm/linux/kernel/git/torvalds/linux.git/log/?id=abdfd52a295fb5731ab07b5c9013e2e39f4d1cbe,2019/07/20,https://git.kernel.org/pub/scm/linux/kernel/git/torvalds/linux.git/commit/?id\=bb2bb903042517b8fb17b2bc21e00512f2dcac01,2019-06-14,amd64
https://syzkaller.appspot.com/bug?id=57f024efa044dfe369eb27a70742c5f8293c836e,possible deadlock in sidtab_sid2str_put,2020/01/28,https://git.kernel.org/pub/scm/linux/kernel/git/torvalds/linux.git/commit/?id\=39a706fbcf2694bfb651bed9041d44c3f4fa8078,2020-02-05,https://syzkaller.appspot.com/text?tag=ReproSyz&x=10088e95e00000,https://syzkaller.appspot.com/text?tag=KernelConfig&x=9784e57c96a92f20,https://git.kernel.org/pub/scm/linux/kernel/git/torvalds/linux.git/log/?id=b0be0eff1a5ab77d588b76bd8b1c92d5d17b3f73,2020/01/28,https://git.kernel.org/pub/scm/linux/kernel/git/torvalds/linux.git/commit/?id\=d97bd23c2d7d866e99eb3a927c742715c85a90ef,2019-12-09,amd64
https://syzkaller.appspot.com/bug?id=4458c0f2a1c09f02470e8a2d799882ef2e840ecd,memory leak in nfs_fs_context_parse_monolithic,2020/02/13,https://git.kernel.org/pub/scm/linux/kernel/git/torvalds/linux.git/commit/?id\=75a9b9176157f3095d3099adf512b5a233addbc7,2020-02-25,https://syzkaller.appspot.com/text?tag=ReproSyz&x=10e2c65ee00000,https://syzkaller.appspot.com/text?tag=KernelConfig&x=2802e33434f4f863,https://git.kernel.org/pub/scm/linux/kernel/git/torvalds/linux.git/log/?id=f2850dd5ee015bd7b77043f731632888887689c7,2020/02/13,https://git.kernel.org/pub/scm/linux/kernel/git/torvalds/linux.git/commit/?id\=f2aedb713c284429987dc66c7aaf38decfc8da2a,2020-01-15,amd64
https://syzkaller.appspot.com/bug?id=0dd28d46dec9381ed64f55ee25269fe781439d24,BUG: unable to handle kernel paging request in ion_heap_clear_pages,2019/11/30,https://git.kernel.org/pub/scm/linux/kernel/git/torvalds/linux.git/commit/?id\=d98c9e83b5e7ca78175df1b13ac4a6d460d3962d,2019-12-17,https://syzkaller.appspot.com/text?tag=ReproSyz&x=171f677ae00000,https://syzkaller.appspot.com/text?tag=KernelConfig&x=dd226651cb0f364b,https://git.kernel.org/pub/scm/linux/kernel/git/torvalds/linux.git/log/?id=76bb8b05960c3d1668e6bee7624ed886cbd135ba,2019/12/03,https://git.kernel.org/pub/scm/linux/kernel/git/torvalds/linux.git/commit/?id\=3c5c3cfb9ef4da957e3357a2bd36f76ee34c0862,2019-12-01,amd64
https://syzkaller.appspot.com/bug?id=1ce8eda0663dcd056224360924d4dd3e6c534ef0,general protection fault in override_creds,2019/12/02,https://git.kernel.org/pub/scm/linux/kernel/git/torvalds/linux.git/commit/?id\=0b8c0ec7eedcd8f9f1a1f238d87f9b512b09e71a,2019-12-02,https://syzkaller.appspot.com/text?tag=ReproSyz&x=12dd682ae00000,https://syzkaller.appspot.com/text?tag=KernelConfig&x=ff560c3de405258c,https://git.kernel.org/pub/scm/linux/kernel/git/torvalds/linux.git/log/?id=b94ae8ad9fe79da61231999f347f79645b909bda,2019/12/02,https://git.kernel.org/pub/scm/linux/kernel/git/torvalds/linux.git/commit/?id\=181e448d8709e517c9c7b523fcd209f24eb38ca7,2019-11-25,amd64
https://syzkaller.appspot.com/bug?id=df2db33882800dcd33de117b28d653b9e679ba0e,memory leak in smc_create,2019/11/03,https://git.kernel.org/pub/scm/linux/kernel/git/torvalds/linux.git/commit/?id\=6d6dd528d5af05dc2d0c773951ed68d630a0c3f1,2019-11-12,https://syzkaller.appspot.com/text?tag=ReproSyz&x=16f6dc68e00000,https://syzkaller.appspot.com/text?tag=KernelConfig&x=9bbb8fba7651600b,https://git.kernel.org/pub/scm/linux/kernel/git/torvalds/linux.git/log/?id=9d2345057538bb97b1e556508ad69983f446462f,2019/11/03,https://git.kernel.org/pub/scm/linux/kernel/git/torvalds/linux.git/commit/?id\=301428ea3708188dc4a243e6e6b46c03b46a0fbc,2019-10-29,amd64
https://syzkaller.appspot.com/bug?id=933d1c2b20a63c9babba868dc3cf9ab7b07f106f,WARNING: suspicious RCU usage in kvm_dev_ioctl,2019/11/02,https://git.kernel.org/pub/scm/linux/kernel/git/torvalds/linux.git/commit/?id\=e2d3fcaf939dded3da604a25ebbea9fb954c2280,2019-11-11,https://syzkaller.appspot.com/text?tag=ReproSyz&x=14e20268e00000,https://syzkaller.appspot.com/text?tag=KernelConfig&x=cbbed3e8d4eb64bf,https://git.kernel.org/pub/scm/linux/kernel/git/torvalds/linux.git/log/?id=9d2345057538bb97b1e556508ad69983f446462f,2019/11/03,https://git.kernel.org/pub/scm/linux/kernel/git/torvalds/linux.git/commit/?id\=a97b0e773e492ae319a7e981e98962a1060215f9,2019-10-31,amd64
https://syzkaller.appspot.com/bug?id=3babacc2ed6bddb8e168d022ef77d32db0e05ea6,memory leak in copy_net_ns,2019/07/09,https://git.kernel.org/pub/scm/linux/kernel/git/torvalds/linux.git/commit/?id\=82ecff655e7968151b0047f1b5de03b249e5c1c4,2019-10-24,https://syzkaller.appspot.com/text?tag=ReproSyz&x=116c6a87a00000,https://syzkaller.appspot.com/text?tag=KernelConfig&x=13fb75d3ba8bfd9,https://git.kernel.org/pub/scm/linux/kernel/git/torvalds/linux.git/log/?id=5ad18b2e60b75c7297a998dea702451d33a052ed,2019/07/09,https://git.kernel.org/pub/scm/linux/kernel/git/torvalds/linux.git/commit/?id\=9b242610514fe387ef957bce05e1fdd3efd60359,2019-06-26,amd64
https://syzkaller.appspot.com/bug?id=53eda674e6d403bf1e6297c9cba45d3705f1ad1c,INFO: task hung in nbd_ioctl,2019/08/24,https://git.kernel.org/pub/scm/linux/kernel/git/torvalds/linux.git/commit/?id\=cf1b2326b734896734c6e167e41766f9cee7686a,2019-10-25,https://syzkaller.appspot.com/text?tag=ReproSyz&x=120d0d0b600000,https://syzkaller.appspot.com/text?tag=KernelConfig&x=1ec3be9936e004f6,https://git.kernel.org/pub/scm/linux/kernel/git/torvalds/linux.git/log/?id=43b815c6a8e7dbccb5b8bd9c4b099c24bc22d135,2019/10/06,https://git.kernel.org/pub/scm/linux/kernel/git/torvalds/linux.git/commit/?id\=e9e006f5fcf2bab59149cb38a48a4817c1b538b4,2019-08-20,amd64
https://syzkaller.appspot.com/bug?id=fa62a0e64459dad5a309eafeffa86d51c938ef7a,BUG: unable to handle kernel NULL pointer dereference in rds_bind,2019/09/12,https://git.kernel.org/pub/scm/linux/kernel/git/torvalds/linux.git/commit/?id\=05733434ee9ae6548723a808647248583e347cca,2019-09-27,https://syzkaller.appspot.com/text?tag=ReproSyz&x=1774c23d600000,https://syzkaller.appspot.com/text?tag=KernelConfig&x=b24955b9c2b83901,https://git.kernel.org/pub/scm/linux/kernel/git/torvalds/linux.git/log/?id=cef7298262e9af841fb70d8673af45caf55300a1,2019/09/17,https://git.kernel.org/pub/scm/linux/kernel/git/torvalds/linux.git/commit/?id\=c5c1a030a7dbf8dd4e1fa4405ae9a89dc1d2a8db,2019-09-11,i386
https://syzkaller.appspot.com/bug?id=1ac7a7a8440522302ccb634ba69f8e1e6f203902,WARNING in __blkdev_put (2),2019/08/03,https://git.kernel.org/pub/scm/linux/kernel/git/torvalds/linux.git/commit/?id\=e91455bad5cff40a8c232f2204a5104127e3fec2,2019-08-08,https://syzkaller.appspot.com/text?tag=ReproSyz&x=17190230600000,https://syzkaller.appspot.com/text?tag=KernelConfig&x=4c7b914a2680c9c6,https://git.kernel.org/pub/scm/linux/kernel/git/torvalds/linux.git/log/?id=dcb8cfbd8fe9e62c7d64e82288d3ffe2502b7371,2019/08/03,https://git.kernel.org/pub/scm/linux/kernel/git/torvalds/linux.git/commit/?id\=89e524c04fa966330e2e80ab2bc50b9944c5847a,2019-07-30,amd64
https://syzkaller.appspot.com/bug?id=be95cda1773d91aa53b69916d76dc5a9e0b59eeb,general protection fault in finish_task_switch (2),2018/08/06,https://git.kernel.org/pub/scm/linux/kernel/git/torvalds/linux.git/commit/?id\=26b471c7e2f7befd0f59c35b257749ca57e0ed70,2018-09-20,https://syzkaller.appspot.com/text?tag=ReproSyz&x=13ffa561400000,https://syzkaller.appspot.com/text?tag=KernelConfig&x=214e4990bd49329f,https://git.kernel.org/pub/scm/linux/kernel/git/torvalds/linux.git/log/?id=778a33959a8ad4cb1ea2f4c5119f9e1e8b9f9d9b,2018/08/21,https://git.kernel.org/pub/scm/linux/kernel/git/torvalds/linux.git/commit/?id\=8fcc4b5923af5de58b80b53a069453b135693304,2018-08-06,i386
https://syzkaller.appspot.com/bug?id=64be609cf3e23c7d046fca5b84344bc997927a61,memory leak in nf_hook_entries_grow,2019/06/01,https://git.kernel.org/pub/scm/linux/kernel/git/torvalds/linux.git/commit/?id\=cf47a0b882a4e5f6b34c7949d7b293e9287f1972,2019-06-21,https://syzkaller.appspot.com/text?tag=ReproSyz&x=148f10a6a00000,https://syzkaller.appspot.com/text?tag=KernelConfig&x=50393f7bfe444ff6,https://git.kernel.org/pub/scm/linux/kernel/git/torvalds/linux.git/log/?id=3ab4436f688c2d2f221793953cd05435ca84261c,2019/06/01,https://git.kernel.org/pub/scm/linux/kernel/git/torvalds/linux.git/commit/?id\=719c7d563c17b150877cee03a4b812a424989dfa,2019-05-21,amd64
https://syzkaller.appspot.com/bug?id=4462b73f1e909dcd0f6e0d5d2f0b3e8be5191b69,memory leak in inet6_create,2019/06/06,https://git.kernel.org/pub/scm/linux/kernel/git/torvalds/linux.git/commit/?id\=522924b583082f51b8a2406624a2f27c22119b20,2019-06-11,https://syzkaller.appspot.com/text?tag=ReproSyz&x=1569c62ea00000,https://syzkaller.appspot.com/text?tag=KernelConfig&x=d5c73825cbdc7326,https://git.kernel.org/pub/scm/linux/kernel/git/torvalds/linux.git/log/?id=156c05917e0920ef5643eb54c0ea71aae5d60c3d,2019/06/06,https://git.kernel.org/pub/scm/linux/kernel/git/torvalds/linux.git/commit/?id\=100f6d8e09905c59be45b6316f8f369c0be1b2d8,2019-05-30,amd64
https://syzkaller.appspot.com/bug?id=36fe241584203cf394d44560a42e3430434f1213,KASAN: use-after-free Read in blk_mq_free_rqs,2019/06/02,https://git.kernel.org/pub/scm/linux/kernel/git/torvalds/linux.git/commit/?id\=c3e2219216c92919a6bd1711f340f5faa98695e6,2019-06-06,https://syzkaller.appspot.com/text?tag=ReproSyz&x=149089aaa00000,https://syzkaller.appspot.com/text?tag=KernelConfig&x=1fa7e451a5cac069,https://git.kernel.org/pub/scm/linux/kernel/git/torvalds/linux.git/log/?id=9221dced3069cc9ae2986ba1191b02dae560df28,2019/06/02,https://git.kernel.org/pub/scm/linux/kernel/git/torvalds/linux.git/commit/?id\=47cdee29ef9d94e485eb08f962c74943023a5271,2019-05-29,amd64
https://syzkaller.appspot.com/bug?id=c7c08abc80d977ee1d2ca48828269ee08858a58c,KASAN: slab-out-of-bounds Read in rhashtable_walk_enter,2019/05/16,https://git.kernel.org/pub/scm/linux/kernel/git/torvalds/linux.git/commit/?id\=526f5b851a96566803ee4bee60d0a34df56c77f8,2019-05-20,https://syzkaller.appspot.com/text?tag=ReproSyz&x=165e66bca00000,https://syzkaller.appspot.com/text?tag=KernelConfig&x=fc045131472947d7,https://git.kernel.org/pub/scm/linux/kernel/git/torvalds/linux.git/log/?id=f49aa1de98363b6c5fba4637678d6b0ba3d18065,2019/05/20,https://git.kernel.org/pub/scm/linux/kernel/git/torvalds/linux.git/commit/?id\=7e27e8d6130c5e88fac9ddec4249f7f2337fe7f8,2019-05-16,amd64
https://syzkaller.appspot.com/bug?id=b7e5765f7957f002938296003e361009197ae9c0,BUG: spinlock bad magic in rhashtable_walk_enter,2019/05/17,https://git.kernel.org/pub/scm/linux/kernel/git/torvalds/linux.git/commit/?id\=526f5b851a96566803ee4bee60d0a34df56c77f8,2019-05-20,https://syzkaller.appspot.com/text?tag=ReproSyz&x=1650f9d8a00000,https://syzkaller.appspot.com/text?tag=KernelConfig&x=fc045131472947d7,https://git.kernel.org/pub/scm/linux/kernel/git/torvalds/linux.git/log/?id=f49aa1de98363b6c5fba4637678d6b0ba3d18065,2019/05/21,https://git.kernel.org/pub/scm/linux/kernel/git/torvalds/linux.git/commit/?id\=7e27e8d6130c5e88fac9ddec4249f7f2337fe7f8,2019-05-16,amd64
https://syzkaller.appspot.com/bug?id=5373bb773a0d4b3094ebd4d662be28ecb2ca4c8e,INFO: trying to register non-static key in rhashtable_walk_enter,2019/05/16,https://git.kernel.org/pub/scm/linux/kernel/git/torvalds/linux.git/commit/?id\=526f5b851a96566803ee4bee60d0a34df56c77f8,2019-05-20,https://syzkaller.appspot.com/text?tag=ReproSyz&x=11baf8e4a00000,https://syzkaller.appspot.com/text?tag=KernelConfig&x=fc045131472947d7,https://git.kernel.org/pub/scm/linux/kernel/git/torvalds/linux.git/log/?id=f49aa1de98363b6c5fba4637678d6b0ba3d18065,2019/05/20,https://git.kernel.org/pub/scm/linux/kernel/git/torvalds/linux.git/commit/?id\=7e27e8d6130c5e88fac9ddec4249f7f2337fe7f8,2019-05-16,i386
https://syzkaller.appspot.com/bug?id=7a9e3dc3b685efc6ecf97072adb71aa28bf0ed51,KASAN: stack-out-of-bounds Write in __ip_options_echo,2019/04/20,https://git.kernel.org/pub/scm/linux/kernel/git/torvalds/linux.git/commit/?id\=20ff83f10f113c88d0bb74589389b05250994c16,2019-04-24,https://syzkaller.appspot.com/text?tag=ReproSyz&x=154ab490a00000,https://syzkaller.appspot.com/text?tag=KernelConfig&x=856fc6d0fbbeede9,https://git.kernel.org/pub/scm/linux/kernel/git/torvalds/linux.git/log/?id=3ecafda911f4e56cb80149fd7ab87f8610c7765f,2019/04/20,https://git.kernel.org/pub/scm/linux/kernel/git/torvalds/linux.git/commit/?id\=ed0de45a1008991fdaa27a0152befcb74d126a8b,2019-04-12,amd64
https://syzkaller.appspot.com/bug?id=74a985d8fcf8a22a9b566f5642c16ce4001d4e95,WARNING in percpu_ref_kill_and_confirm,2019/04/20,https://git.kernel.org/pub/scm/linux/kernel/git/torvalds/linux.git/commit/?id\=35fa71a030caa50458a043560d4814ea9bcd639f,2019-04-22,https://syzkaller.appspot.com/text?tag=ReproSyz&x=17ff39f3200000,https://syzkaller.appspot.com/text?tag=KernelConfig&x=856fc6d0fbbeede9,https://git.kernel.org/pub/scm/linux/kernel/git/torvalds/linux.git/log/?id=9e5de623a0cb9374bdcc73c0c098818f0d7ab7e9,2019/04/21,https://git.kernel.org/pub/scm/linux/kernel/git/torvalds/linux.git/commit/?id\=b19062a567266ee1f10f6709325f766bbcc07d1c,2019-04-15,i386
https://syzkaller.appspot.com/bug?id=6d600a0ff2cc263bc4edbddf0f597e456e303978,WARNING: bad usercopy in fanotify_read,2019/03/11,https://git.kernel.org/pub/scm/linux/kernel/git/torvalds/linux.git/commit/?id\=b2d22b6bb33aac10c415e4ba13c8eade201c6f09,2019-03-19,https://syzkaller.appspot.com/text?tag=ReproSyz&x=146fcd77200000,https://syzkaller.appspot.com/text?tag=KernelConfig&x=e9d91b7192a5e96e,https://git.kernel.org/pub/scm/linux/kernel/git/torvalds/linux.git/log/?id=12ad143e1b803e541e48b8ba40f550250259ecdd,2019/03/11,https://git.kernel.org/pub/scm/linux/kernel/git/torvalds/linux.git/commit/?id\=a8b13aa20afb69161b5123b4f1acc7ea0a03d360,2019-02-07,amd64
https://syzkaller.appspot.com/bug?id=dbd70f0407487a061d2d46fdc6bccc94b95ce3c0,BUG: MAX_STACK_TRACE_ENTRIES too low!,2019/03/01,https://git.kernel.org/pub/scm/linux/kernel/git/torvalds/linux.git/commit/?id\=009bb421b6ceb7916ce627023d0eb7ced04c8910,2019-03-09,https://syzkaller.appspot.com/text?tag=ReproSyz&x=149c858d200000,https://syzkaller.appspot.com/text?tag=KernelConfig&x=bd349f14600e1305,https://git.kernel.org/pub/scm/linux/kernel/git/torvalds/linux.git/log/?id=afe6fe7036c6efdcb46cabc64bec9b6e4a005210,2019/03/07,https://git.kernel.org/pub/scm/linux/kernel/git/torvalds/linux.git/commit/?id\=669de8bda87b92ab9a2fc663b3f5743c2ad1ae9f,2019-02-28,amd64
https://syzkaller.appspot.com/bug?id=ebeba334a8a886e3d5dc25641e201e894d4d9657,KASAN: use-after-free Write in __xfrm_policy_unlink,2018/07/18,https://git.kernel.org/pub/scm/linux/kernel/git/torvalds/linux.git/commit/?id\=1548bc4e0512700cf757192c106b3a20ab639223,2019-01-09,https://syzkaller.appspot.com/text?tag=ReproSyz&x=12f7cbe7400000,https://syzkaller.appspot.com/text?tag=KernelConfig&x=47c29c309c47af16,https://git.kernel.org/pub/scm/linux/kernel/git/torvalds/linux.git/log/?id=f1c2f8857c5aa6c92aa903bc06437503422e5925,2019/01/06,https://git.kernel.org/pub/scm/linux/kernel/git/torvalds/linux.git/commit/?id\=9cf545ebd591da673bb6b6c88150212ad83567a9,2018-11-09,amd64
https://syzkaller.appspot.com/bug?id=a32bd53b43c9bfc2495a6fa7ebaec3a2e7695e94,KASAN: global-out-of-bounds Read in validate_nla,2019/01/24,https://git.kernel.org/pub/scm/linux/kernel/git/torvalds/linux.git/commit/?id\=a8b5c6d69261889e022e9d64ac7ee8741db730bf,2019-01-25,https://syzkaller.appspot.com/text?tag=ReproSyz&x=1137adcf400000,https://syzkaller.appspot.com/text?tag=KernelConfig&x=505743eba4e4f68,https://git.kernel.org/pub/scm/linux/kernel/git/torvalds/linux.git/log/?id=30bac164aca750892b93eef350439a0562a68647,2019/01/24,https://git.kernel.org/pub/scm/linux/kernel/git/torvalds/linux.git/commit/?id\=9bb7e0f24e7e7d00daa1219b14539e2e602649b2,2018-11-09,amd64
https://syzkaller.appspot.com/bug?id=1d9f7c9dd094267e0d677b7b85a446afd7dcec49,KASAN: use-after-free Read in seccomp_notify_release,2019/01/11,https://git.kernel.org/pub/scm/linux/kernel/git/torvalds/linux.git/commit/?id\=a811dc61559e0c8003f1086c2a4dc8e4d5ae4cb8,2019-01-15,https://syzkaller.appspot.com/text?tag=ReproSyz&x=101f094f400000,https://syzkaller.appspot.com/text?tag=KernelConfig&x=edf1c3031097c304,https://git.kernel.org/pub/scm/linux/kernel/git/torvalds/linux.git/log/?id=1bdbe227492075d058e37cb3d400e6468d0095b5,2019/01/11,https://git.kernel.org/pub/scm/linux/kernel/git/torvalds/linux.git/commit/?id\=6a21cc50f0c7f87dae5259f6cfefe024412313f6,2018-12-11,i386
https://syzkaller.appspot.com/bug?id=f9566581b22b1e25ac0dd9f669dff283c0d28efc,WARNING in fuse_destroy_inode,2018/11/16,https://git.kernel.org/pub/scm/linux/kernel/git/torvalds/linux.git/commit/?id\=4fc4bb796b0c75067fd65292dfd874869ff7c9dc,2018-11-22,https://syzkaller.appspot.com/text?tag=ReproSyz&x=157b5f7b400000,https://syzkaller.appspot.com/text?tag=KernelConfig&x=d86f24333880b605,https://git.kernel.org/pub/scm/linux/kernel/git/torvalds/linux.git/log/?id=da5322e65940e4e8426613a8ff3d99a08b350a52,2018/11/16,https://git.kernel.org/pub/scm/linux/kernel/git/torvalds/linux.git/commit/?id\=ab2257e9941b9ef28d4a4a451e4b146d40a21e18,2018-10-01,amd64
https://syzkaller.appspot.com/bug?id=e0640a911365faa499433155c3d5d5b674b36a83,WARNING in cttimeout_default_get,2018/11/15,https://git.kernel.org/pub/scm/linux/kernel/git/torvalds/linux.git/commit/?id\=89259088c1b7fecb43e8e245dc931909132a4e03,2018-11-26,https://syzkaller.appspot.com/text?tag=ReproSyz&x=178ad533400000,https://syzkaller.appspot.com/text?tag=KernelConfig&x=4a0a89f12ca9b0f5,https://git.kernel.org/pub/scm/linux/kernel/git/torvalds/linux.git/log/?id=5929a1f0ff30d04ccf4b0f9c648e7aa8bc816bbd,2018/11/15,https://git.kernel.org/pub/scm/linux/kernel/git/torvalds/linux.git/commit/?id\=8866df9264a34e675b4ee8a151db819b87cce2d3,2018-11-03,i386
https://syzkaller.appspot.com/bug?id=e815c44681ddb7ef43de3f0ce287a315c70d4cab,WARNING in usb_submit_urb (3),2018/10/12,https://git.kernel.org/pub/scm/linux/kernel/git/torvalds/linux.git/commit/?id\=665c365a77fbfeabe52694aedf3446d5f2f1ce42,2018-10-16,https://syzkaller.appspot.com/text?tag=ReproSyz&x=12c561d6400000,https://syzkaller.appspot.com/text?tag=KernelConfig&x=88e9a8a39dc0be2d,https://git.kernel.org/pub/scm/linux/kernel/git/torvalds/linux.git/log/?id=9dcd936c5312f870955f108e8a1bfebf3eb6f688,2018/10/12,https://git.kernel.org/pub/scm/linux/kernel/git/torvalds/linux.git/commit/?id\=7a68d9fb851012829c29e770621905529bd9490b,2018-09-20,amd64
https://syzkaller.appspot.com/bug?id=7ba6d030961dac1c60f76d9fecea63d7ea793a1d,WARNING in __fsnotify_recalc_mask,2018/07/24,https://git.kernel.org/pub/scm/linux/kernel/git/torvalds/linux.git/commit/?id\=d3bc0fa8411c35194f99046157e2e26fe60e1d91,2018-08-20,https://syzkaller.appspot.com/text?tag=ReproSyz&x=11c12e86400000,https://syzkaller.appspot.com/text?tag=KernelConfig&x=68e80edb3c9718c5,https://git.kernel.org/pub/scm/linux/kernel/git/torvalds/linux.git/log/?id=1f7a4c73a739a63b3f108d8eda6f947fdc70dd65,2018/08/18,https://git.kernel.org/pub/scm/linux/kernel/git/torvalds/linux.git/commit/?id\=3ac70bfcde812b1b97d8a88a832df59941fa293f,2018-06-27,amd64
https://syzkaller.appspot.com/bug?id=e84ebd53b11608595ca4fd595d48ae9ddce9cf11,KASAN: slab-out-of-bounds Write in process_preds,2018/04/11,https://git.kernel.org/pub/scm/linux/kernel/git/torvalds/linux.git/commit/?id\=70303420b5721c38998cf987e6b7d30cc62d4ff1,2018-06-21,https://syzkaller.appspot.com/text?tag=ReproSyz&x=10f76d6b800000,https://syzkaller.appspot.com/text?tag=KernelConfig&x=ef07076ec3277c56,https://git.kernel.org/pub/scm/linux/kernel/git/torvalds/linux.git/log/?id=b284d4d5a6785f8cd07eda2646a95782373cd01e,2018/04/11,https://git.kernel.org/pub/scm/linux/kernel/git/torvalds/linux.git/commit/?id\=80765597bc587feae8dbc8ce97a0f32e12a6e625,2018-03-14,amd64
https://syzkaller.appspot.com/bug?id=e2efc2d134365d870c4d67a8351e1f7e88f0805b,KASAN: slab-out-of-bounds Write in rmd320_final,2018/06/07,https://git.kernel.org/pub/scm/linux/kernel/git/torvalds/linux.git/commit/?id\=3619dec5103dd999a777e3e4ea08c8f40a6ddc57,2018-06-26,https://syzkaller.appspot.com/text?tag=ReproSyz&x=1319abf7800000,https://syzkaller.appspot.com/text?tag=KernelConfig&x=4f1acdf888c9d4e9,https://git.kernel.org/pub/scm/linux/kernel/git/torvalds/linux.git/log/?id=1c8c5a9d38f607c0b6fd12c91cbe1a4418762a21,2018/06/07,https://git.kernel.org/pub/scm/linux/kernel/git/torvalds/linux.git/commit/?id\=383203eff718d7397ffc68ac6c3ed644d3017fc7,2018-05-11,amd64
https://syzkaller.appspot.com/bug?id=b2c701d1581d38ec195c40db364d8d6c9ff9e645,KASAN: slab-out-of-bounds Read in crypto_morus640_decrypt_chunk,2018/06/13,https://git.kernel.org/pub/scm/linux/kernel/git/torvalds/linux.git/commit/?id\=a81ae8095712d1513fe8d58527c92c439b43233e,2018-06-15,https://syzkaller.appspot.com/text?tag=ReproSyz&x=16c7003f800000,https://syzkaller.appspot.com/text?tag=KernelConfig&x=709f8187af941e84,https://git.kernel.org/pub/scm/linux/kernel/git/torvalds/linux.git/log/?id=f5b7769eb0400ec5217a47e41148a9f816ca1f9f,2018/06/13,https://git.kernel.org/pub/scm/linux/kernel/git/torvalds/linux.git/commit/?id\=396be41f16fd05af6c914eeb2c96e0cc2dadf28c,2018-05-19,amd64
https://syzkaller.appspot.com/bug?id=8e77c5ea6919a662c17f92b830530fdf0f8309a8,KASAN: slab-out-of-bounds Write in tgr192_final,2018/06/09,https://git.kernel.org/pub/scm/linux/kernel/git/torvalds/linux.git/commit/?id\=3619dec5103dd999a777e3e4ea08c8f40a6ddc57,2018-06-26,https://syzkaller.appspot.com/text?tag=ReproSyz&x=11fd0bf7800000,https://syzkaller.appspot.com/text?tag=KernelConfig&x=7c0dfd1fff57e223,https://git.kernel.org/pub/scm/linux/kernel/git/torvalds/linux.git/log/?id=410feb75de245664d66bc05ab2e2412751d10acf,2018/06/09,https://git.kernel.org/pub/scm/linux/kernel/git/torvalds/linux.git/commit/?id\=383203eff718d7397ffc68ac6c3ed644d3017fc7,2018-05-11,i386
https://syzkaller.appspot.com/bug?id=8b84383d8849f332cac01bd2ae810861001db886,KASAN: slab-out-of-bounds Write in wp384_final,2018/06/08,https://git.kernel.org/pub/scm/linux/kernel/git/torvalds/linux.git/commit/?id\=3619dec5103dd999a777e3e4ea08c8f40a6ddc57,2018-06-26,https://syzkaller.appspot.com/text?tag=ReproSyz&x=10f5c8cf800000,https://syzkaller.appspot.com/text?tag=KernelConfig&x=e5a4673d4582131c,https://git.kernel.org/pub/scm/linux/kernel/git/torvalds/linux.git/log/?id=68abbe729567cef128b2c2141f2ed2567f3b8372,2018/06/08,https://git.kernel.org/pub/scm/linux/kernel/git/torvalds/linux.git/commit/?id\=383203eff718d7397ffc68ac6c3ed644d3017fc7,2018-05-11,i386
https://syzkaller.appspot.com/bug?id=84a6b6d052a9d8c9277e353dcaf7ec156d8e6ae5,KASAN: slab-out-of-bounds Write in crypto_sha3_final,2018/06/08,https://git.kernel.org/pub/scm/linux/kernel/git/torvalds/linux.git/commit/?id\=3619dec5103dd999a777e3e4ea08c8f40a6ddc57,2018-06-26,https://syzkaller.appspot.com/text?tag=ReproSyz&x=11838abf800000,https://syzkaller.appspot.com/text?tag=KernelConfig&x=e5a4673d4582131c,https://git.kernel.org/pub/scm/linux/kernel/git/torvalds/linux.git/log/?id=68abbe729567cef128b2c2141f2ed2567f3b8372,2018/06/08,https://git.kernel.org/pub/scm/linux/kernel/git/torvalds/linux.git/commit/?id\=383203eff718d7397ffc68ac6c3ed644d3017fc7,2018-05-11,amd64
https://syzkaller.appspot.com/bug?id=6ec4ea52fd8c1ffd952fc3f80fdd160dae64783c,BUG: unable to handle kernel paging request in bpf_int_jit_compile,2018/06/23,https://git.kernel.org/pub/scm/linux/kernel/git/torvalds/linux.git/commit/?id\=85782e037f8aba8922dadb24a1523ca0b82ab8bc,2018-06-29,https://syzkaller.appspot.com/text?tag=ReproSyz&x=10ee22d4400000,https://syzkaller.appspot.com/text?tag=KernelConfig&x=befbcd7305e41bb0,https://git.kernel.org/pub/scm/linux/kernel/git/torvalds/linux.git/log/?id=5e2204832b20ef9db859dd6a2e955ac3e33eef27,2018/06/23,https://git.kernel.org/pub/scm/linux/kernel/git/torvalds/linux.git/commit/?id\=9facc336876f7ecf9edba4c67b90426fde4ec898,2018-06-15,amd64
https://syzkaller.appspot.com/bug?id=4fbc4bf3d1300cf7629a7f63686b5d9cf94ed429,KASAN: slab-out-of-bounds Write in sha1_finup,2018/06/07,https://git.kernel.org/pub/scm/linux/kernel/git/torvalds/linux.git/commit/?id\=3619dec5103dd999a777e3e4ea08c8f40a6ddc57,2018-06-26,https://syzkaller.appspot.com/text?tag=ReproSyz&x=122bb5df800000,https://syzkaller.appspot.com/text?tag=KernelConfig&x=2e1a31e8576e013a,https://git.kernel.org/pub/scm/linux/kernel/git/torvalds/linux.git/log/?id=1c8c5a9d38f607c0b6fd12c91cbe1a4418762a21,2018/06/07,https://git.kernel.org/pub/scm/linux/kernel/git/torvalds/linux.git/commit/?id\=383203eff718d7397ffc68ac6c3ed644d3017fc7,2018-05-11,i386
https://syzkaller.appspot.com/bug?id=37e6f6b9b9478c41aafe5c59d33ecbecdb78da3b,KASAN: slab-out-of-bounds Write in sha1_final,2018/06/07,https://git.kernel.org/pub/scm/linux/kernel/git/torvalds/linux.git/commit/?id\=3619dec5103dd999a777e3e4ea08c8f40a6ddc57,2018-06-26,https://syzkaller.appspot.com/text?tag=ReproSyz&x=165b47d7800000,https://syzkaller.appspot.com/text?tag=KernelConfig&x=4f1acdf888c9d4e9,https://git.kernel.org/pub/scm/linux/kernel/git/torvalds/linux.git/log/?id=1c8c5a9d38f607c0b6fd12c91cbe1a4418762a21,2018/06/07,https://git.kernel.org/pub/scm/linux/kernel/git/torvalds/linux.git/commit/?id\=383203eff718d7397ffc68ac6c3ed644d3017fc7,2018-05-11,i386
https://syzkaller.appspot.com/bug?id=34fba5a5fe00634c93a1ec1f99d4c1c37c75f8df,KASAN: slab-out-of-bounds Write in tgr160_final,2018/06/08,https://git.kernel.org/pub/scm/linux/kernel/git/torvalds/linux.git/commit/?id\=3619dec5103dd999a777e3e4ea08c8f40a6ddc57,2018-06-26,https://syzkaller.appspot.com/text?tag=ReproSyz&x=10fde7d7800000,https://syzkaller.appspot.com/text?tag=KernelConfig&x=4f1acdf888c9d4e9,https://git.kernel.org/pub/scm/linux/kernel/git/torvalds/linux.git/log/?id=1c8c5a9d38f607c0b6fd12c91cbe1a4418762a21,2018/06/08,https://git.kernel.org/pub/scm/linux/kernel/git/torvalds/linux.git/commit/?id\=383203eff718d7397ffc68ac6c3ed644d3017fc7,2018-05-11,amd64
https://syzkaller.appspot.com/bug?id=1e14e510f51800981ad3346698877613700de374,general protection fault in kernel_sock_shutdown,2018/02/22,https://git.kernel.org/pub/scm/linux/kernel/git/torvalds/linux.git/commit/?id\=1255fcb2a655f05e02f3a74675a6d6525f187afd,2018-04-19,https://syzkaller.appspot.com/text?tag=ReproSyz&x=15df7453800000,https://syzkaller.appspot.com/text?tag=KernelConfig&x=ea5135e7eb586017,https://git.kernel.org/pub/scm/linux/kernel/git/torvalds/linux.git/log/?id=af3e79d29555b97dd096e2f8e36a0f50213808a8,2018/02/22,https://git.kernel.org/pub/scm/linux/kernel/git/torvalds/linux.git/commit/?id\=127f497058236e5f07672e11382232f80cb7e8c4,2018-01-26,amd64
https://syzkaller.appspot.com/bug?id=40eccf33adab0333176aac1200041f8e29dce3e9,KASAN: slab-out-of-bounds Read in __sctp_v6_cmp_addr,2018/04/21,https://git.kernel.org/pub/scm/linux/kernel/git/torvalds/linux.git/commit/?id\=d625329b06e46bd20baf9ee40847d11982569204,2018-04-27,https://syzkaller.appspot.com/text?tag=ReproSyz&x=104a1d17800000,https://syzkaller.appspot.com/text?tag=KernelConfig&x=191a2635dcad1c46,https://git.kernel.org/pub/scm/linux/kernel/git/torvalds/linux.git/log/?id=83beed7b2b26f232d782127792dd0cd4362fdc41,2018/04/21,https://git.kernel.org/pub/scm/linux/kernel/git/torvalds/linux.git/commit/?id\=1071ec9d453a38023579714b64a951a2fb982071,2018-04-12,amd64
https://syzkaller.appspot.com/bug?id=5ea2c9ac96fc3c1da4d7ee9572c8c7ed229f1b13,KASAN: stack-out-of-bounds Read in __nla_put,2018/01/16,https://git.kernel.org/pub/scm/linux/kernel/git/torvalds/linux.git/commit/?id\=cd443f1e91ca600a092e780e8250cd6a2954b763,2018-01-18,https://syzkaller.appspot.com/text?tag=ReproSyz&x=1721b045800000,https://syzkaller.appspot.com/text?tag=KernelConfig&x=4b482464d5fe8f4e,https://git.kernel.org/pub/scm/linux/kernel/git/torvalds/linux.git/log/?id=dda3e15231b35840fe6f0973f803cc70ddb86281,2018/01/18,https://git.kernel.org/pub/scm/linux/kernel/git/torvalds/linux.git/commit/?id\=cbbdf8433a5f117b1a2119ea30fc651b61ef7570,2018-01-15,amd64
